,enzyme,R
0,2.7.11.1,R00162
1,2.7.11.1,R03632
2,2.7.11.24,R00162
3,2.7.12.2,R02584
4,2.7.11.25,R00162
5,2.3.1.250,R11201
6,2.7.11.13,R00162
7,2.4.1.41,R05907
8,2.4.2.12,R01271
9,3.1.3.16,R00164
10,3.1.3.48,R02585
11,2.7.10.1,R02584
12,5.3.1.6,R01056
13,5.3.1.6,R09030
14,2.7.7.6,R00435
15,2.7.7.6,R00441
16,2.7.7.6,R00442
17,2.7.7.6,R00443
18,2.7.7.6,R10813
19,2.7.11.11,R00162
20,2.8.1.7,R07460
21,2.8.1.7,R11528
22,2.8.1.7,R11529
23,2.7.1.68,R03469
24,3.5.1.124,R11562
25,3.5.1.124,R11563
26,3.5.1.124,R11564
27,1.14.16.2,R07212
28,1.14.16.2,R01815
29,2.7.10.2,R02584
30,5.1.3.17,R04389
31,2.8.2.5,R02180
32,2.8.2.17,R02181
33,2.8.2.17,R07288
34,2.7.1.154,R05795
35,2.7.1.154,R03362
36,2.7.1.153,R04545
37,2.8.2.21,R03553
38,2.7.1.67,R03361
39,2.7.6.2,R00619
40,1.5.1.2,R01248
41,1.5.1.2,R01251
42,1.5.1.2,R03291
43,1.5.1.2,R03293
44,2.1.1.314,R11165
45,2.6.1.2,R00258
46,6.3.4.4,R01135
47,2.3.2.13,R03983
48,3.4.19.12,R02418
49,4.1.1.17,R00670
50,2.4.2.31,R00555
51,2.4.1.122,R05908
52,2.4.1.122,R10436
53,1.8.3.2,R00057
54,2.7.11.22,R00162
55,2.7.11.12,R00162
56,3.1.1.1,R06728
57,3.1.1.1,R08255
58,3.1.1.1,R08258
59,3.1.1.1,R08220
60,3.1.1.1,R08249
61,3.1.1.1,R08251
62,3.1.1.1,R08295
63,3.1.1.1,R08300
64,3.1.1.84,R06728
65,3.1.1.56,R04141
66,2.3.1.4,R02058
67,3.6.1.13,R01054
68,3.2.1.21,R00026
69,3.2.1.21,R00306
70,3.2.1.21,R02558
71,3.2.1.21,R02887
72,3.2.1.21,R02985
73,3.2.1.21,R03527
74,3.2.1.21,R04949
75,3.2.1.21,R04998
76,3.2.1.21,R06077
77,3.2.1.21,R06092
78,3.2.1.21,R06104
79,3.2.1.21,R10035
80,3.2.1.21,R10039
81,3.2.1.21,R10040
82,6.2.1.7,R02794
83,6.2.1.7,R04580
84,6.2.1.7,R04507
85,6.2.1.7,R08733
86,6.2.1.7,R08738
87,6.2.1.7,R08743
88,2.3.1.21,R01923
89,7.2.1.3,R09739
90,4.4.1.20,R03059
91,3.1.3.67,R04513
92,3.1.3.67,R03363
93,3.1.1.29,R04238
94,3.1.3.11,R04780
95,3.1.3.11,R01845
96,1.3.1.70,R05639
97,1.3.1.70,R07483
98,1.1.1.271,R05692
99,1.1.1.271,R07059
100,1.1.1.271,R07060
101,2.7.1.48,R00964
102,2.7.1.48,R00513
103,2.7.1.48,R00516
104,2.7.1.48,R00517
105,2.7.1.48,R00962
106,2.7.1.48,R00967
107,2.7.1.48,R00968
108,2.7.1.48,R00970
109,2.7.1.48,R01548
110,2.7.1.48,R01549
111,2.7.1.48,R01880
112,2.7.1.48,R02091
113,2.7.1.48,R02096
114,2.7.1.48,R02097
115,2.7.1.48,R02327
116,2.7.1.48,R02332
117,2.7.1.48,R02371
118,2.7.1.48,R02372
119,2.7.1.48,R08232
120,2.3.1.26,R01461
121,2.3.1.42,R01013
122,3.2.1.35,R07824
123,3.2.1.35,R07825
124,3.2.1.35,R10905
125,2.7.7.15,R01890
126,2.7.7.15,R02590
127,1.5.1.34,R01793
128,1.5.1.34,R01794
129,1.11.1.6,R00009
130,1.11.1.6,R00602
131,1.11.1.6,R02670
132,2.4.1.17,R01383
133,2.4.1.17,R02358
134,2.4.1.17,R02389
135,2.4.1.17,R02478
136,2.4.1.17,R02502
137,2.4.1.17,R02902
138,2.4.1.17,R03091
139,2.4.1.17,R04352
140,2.4.1.17,R04353
141,2.4.1.17,R04354
142,2.4.1.17,R04683
143,2.4.1.17,R07106
144,2.4.1.17,R08259
145,2.4.1.17,R08261
146,2.4.1.17,R08262
147,2.4.1.17,R08263
148,2.4.1.17,R08615
149,2.4.1.17,R09426
150,2.4.1.17,R09427
151,2.4.99.6,R04596
152,2.4.99.6,R09297
153,2.4.99.6,R04656
154,2.4.99.6,R06026
155,2.4.99.6,R06037
156,2.4.99.6,R06153
157,3.2.1.24,R08717
158,3.2.1.24,R08718
159,2.8.2.23,R05798
160,2.8.2.29,R05798
161,3.1.3.75,R06870
162,3.1.3.75,R06871
163,3.1.1.5,R07291
164,3.1.1.5,R01309
165,3.1.1.5,R02744
166,3.1.1.5,R02746
167,3.1.1.5,R02747
168,3.1.1.5,R03416
169,3.1.1.5,R03417
170,2.8.2.30,R05798
171,2.5.1.61,R00084
172,2.4.1.206,R04493
173,2.4.1.206,R05971
174,1.14.14.154,R05640
175,1.14.14.154,R05731
176,1.14.14.154,R12119
177,1.14.14.154,R12120
178,1.14.14.154,R12121
179,1.14.15.36,R12323
180,1.14.15.36,R12318
181,1.14.15.36,R12321
182,1.14.15.36,R12322
183,2.7.1.52,R03161
184,2.1.1.348,R12011
185,6.2.1.3,R01280
186,3.3.1.1,R00192
187,3.3.1.1,R04936
188,2.4.1.221,R09295
189,1.4.1.3,R00243
190,1.4.1.3,R00248
191,1.4.1.3,R00145
192,1.4.1.3,R00146
193,2.3.1.15,R02617
194,2.3.1.15,R09380
195,2.4.1.222,R09296
196,3.1.3.36,R04404
197,3.1.3.36,R09827
198,2.7.2.3,R01512
199,2.5.1.39,R05615
200,2.5.1.39,R05616
201,2.5.1.39,R07273
202,1.14.99.60,R12067
203,1.14.99.60,R04984
204,1.14.99.60,R06146
205,1.14.99.60,R08775
206,1.5.3.13,R03899
207,1.5.3.13,R09074
208,4.2.1.18,R02085
209,1.3.3.3,R03220
210,3.1.3.62,R03371
211,3.1.3.62,R03372
212,3.1.3.62,R07583
213,3.1.3.62,R03434
214,3.1.3.80,R09532
215,3.6.1.52,R05779
216,3.6.1.22,R00103
217,3.6.1.22,R11104
218,3.6.1.22,R03004
219,3.6.1.45,R00287
220,1.2.1.12,R01061
221,1.21.99.3,R07230
222,2.1.1.137,R05755
223,2.1.1.137,R05756
224,6.2.1.1,R00235
225,6.2.1.1,R00236
226,6.2.1.1,R00316
227,6.2.1.1,R00925
228,6.2.1.1,R00926
229,6.2.1.1,R01354
230,2.7.1.147,R09085
231,2.7.1.147,R09086
232,2.3.1.137,R03779
233,3.1.2.1,R00227
234,4.2.1.1,R10092
235,1.2.4.1,R01699
236,1.2.4.1,R00014
237,1.2.4.1,R00209
238,1.2.4.1,R03270
239,3.5.1.25,R02059
240,3.5.1.25,R05168
241,2.7.11.23,R04358
242,2.1.1.354,R03875
243,2.1.1.354,R04866
244,2.1.1.354,R04867
245,1.21.99.4,R03734
246,7.1.1.2,R11945
247,2.4.2.1,R01561
248,2.4.2.1,R01863
249,2.4.2.1,R02147
250,2.4.2.1,R02297
251,2.4.2.1,R01969
252,2.4.2.1,R02557
253,2.4.2.1,R02748
254,2.4.2.1,R02294
255,2.4.2.1,R02295
256,2.4.2.1,R02484
257,2.4.1.142,R04502
258,2.4.1.142,R05972
259,2.4.1.132,R05002
260,2.4.1.132,R05973
261,2.4.1.257,R06238
262,2.4.1.258,R06258
263,2.4.1.260,R06260
264,2.4.1.267,R06262
265,2.4.1.265,R06263
266,2.4.1.256,R06264
267,4.1.2.13,R01070
268,4.1.2.13,R01829
269,4.1.2.13,R02568
270,2.3.3.10,R01978
271,2.4.1.198,R02654
272,2.4.1.198,R05916
273,1.16.1.8,R05182
274,3.6.5.5,R00335
275,2.4.1.79,R05631
276,2.4.1.79,R05962
277,2.4.1.79,R11321
278,2.4.1.79,R11378
279,2.4.1.79,R11379
280,1.3.5.1,R02164
281,2.7.7.7,R00375
282,2.7.7.7,R00376
283,2.7.7.7,R00377
284,2.7.7.7,R00378
285,2.7.7.7,R11029
286,3.5.4.4,R01560
287,3.5.4.4,R02556
288,2.3.1.199,R10825
289,2.3.1.199,R07758
290,2.3.1.199,R07762
291,2.3.1.199,R09419
292,2.8.3.5,R00410
293,6.3.2.25,R04730
294,5.3.3.5,R03353
295,5.3.3.5,R04671
296,5.3.3.5,R04804
297,5.3.3.5,R07484
298,2.3.1.48,R03552
299,2.7.12.1,R02584
300,2.7.11.17,R02884
301,3.4.24.84,R09845
302,2.4.1.141,R04494
303,2.4.1.141,R05970
304,2.7.4.3,R00127
305,2.7.4.3,R01547
306,2.7.4.3,R11319
307,1.1.1.27,R00703
308,1.1.1.27,R01000
309,1.1.1.27,R03104
310,3.1.3.5,R00183
311,3.1.3.5,R00511
312,3.1.3.5,R00963
313,3.1.3.5,R01126
314,3.1.3.5,R01227
315,3.1.3.5,R02323
316,3.1.3.5,R02719
317,3.1.3.5,R03346
318,3.1.3.5,R01569
319,3.1.3.5,R01664
320,3.1.3.5,R01968
321,3.1.3.5,R02088
322,3.1.3.5,R02102
323,1.14.19.17,R06519
324,1.14.18.5,R06526
325,1.14.18.5,R06525
326,2.7.1.138,R01495
327,2.7.1.91,R01926
328,2.7.1.91,R02976
329,2.7.8.27,R08969
330,6.4.1.4,R04138
331,6.2.1.4,R00432
332,6.2.1.4,R00727
333,6.2.1.4,R02405
334,6.2.1.4,R02406
335,6.2.1.5,R00405
336,6.2.1.5,R02404
337,5.1.99.1,R02765
338,5.1.99.1,R09979
339,1.3.3.4,R03222
340,1.3.3.15,R04178
341,2.5.1.46,R05329
342,2.5.1.46,R07477
343,2.5.1.46,R07478
344,2.5.1.46,R07479
345,2.5.1.46,R07480
346,3.1.3.86,R09827
347,1.3.3.6,R07934
348,1.3.3.6,R07950
349,1.3.3.6,R01175
350,1.3.3.6,R01279
351,1.3.3.6,R03777
352,1.3.3.6,R03857
353,1.3.3.6,R03990
354,1.3.3.6,R04751
355,1.3.3.6,R04754
356,1.3.3.6,R07888
357,1.3.3.6,R07892
358,1.3.3.6,R07896
359,1.3.3.6,R12356
360,2.7.4.6,R00124
361,2.7.4.6,R00139
362,2.7.4.6,R00156
363,2.7.4.6,R00330
364,2.7.4.6,R00570
365,2.7.4.6,R00722
366,2.7.4.6,R01137
367,2.7.4.6,R01857
368,2.7.4.6,R02093
369,2.7.4.6,R02326
370,2.7.4.6,R02331
371,2.7.4.6,R03530
372,2.7.4.6,R11894
373,2.7.4.6,R11895
374,2.7.11.26,R03744
375,2.7.1.33,R03018
376,2.7.1.33,R02971
377,2.7.1.33,R04391
378,3.1.2.2,R01274
379,3.1.2.2,R08174
380,3.1.2.2,R08175
381,3.1.2.2,R08176
382,3.1.2.2,R08177
383,3.1.2.2,R08178
384,3.1.2.2,R08179
385,3.1.2.2,R08180
386,3.1.2.2,R08181
387,3.1.2.2,R08182
388,3.1.2.2,R08183
389,3.1.2.2,R09450
390,1.2.1.36,R02123
391,1.2.1.36,R08385
392,1.11.1.9,R00274
393,1.11.1.9,R07034
394,1.11.1.9,R07035
395,1.14.16.4,R07213
396,1.14.16.4,R01814
397,1.14.15.18,R03610
398,1.14.15.18,R11324
399,3.6.1.43,R01004
400,2.4.1.226,R05931
401,2.4.1.226,R05933
402,2.4.1.226,R07336
403,2.5.1.18,R07093
404,2.5.1.18,R07094
405,2.5.1.18,R07100
406,2.5.1.18,R07113
407,2.5.1.18,R07116
408,2.5.1.18,R08511
409,2.5.1.18,R08512
410,2.5.1.18,R07002
411,2.5.1.18,R07003
412,2.5.1.18,R07004
413,2.5.1.18,R07023
414,2.5.1.18,R07024
415,2.5.1.18,R07025
416,2.5.1.18,R07026
417,2.5.1.18,R07069
418,2.5.1.18,R07070
419,2.5.1.18,R07083
420,2.5.1.18,R07084
421,2.5.1.18,R07091
422,2.5.1.18,R07092
423,2.5.1.18,R08280
424,2.5.1.18,R09409
425,2.5.1.18,R11905
426,4.2.1.49,R02914
427,2.1.1.33,R00600
428,5.3.2.1,R01378
429,5.3.2.1,R03342
430,2.4.1.313,R10620
431,2.4.1.313,R12292
432,2.4.1.313,R07614
433,2.4.1.244,R07610
434,2.4.1.244,R07611
435,2.4.1.255,R09304
436,2.4.1.255,R09676
437,2.4.1.255,R09677
438,4.2.1.134,R10827
439,4.2.1.134,R07760
440,2.7.4.24,R05799
441,2.7.4.24,R08964
442,6.1.1.21,R03655
443,1.1.5.3,R08657
444,1.1.5.3,R00848
445,6.1.1.14,R03654
446,4.2.1.2,R01082
447,6.1.1.16,R03650
448,2.4.1.212,R05327
449,2.4.1.212,R06068
450,1.8.1.7,R00115
451,1.8.1.7,R00094
452,1.7.1.7,R01134
453,4.2.3.12,R04286
454,4.1.2.50,R09959
455,3.5.99.6,R00765
456,3.1.1.77,R05792
457,2.5.1.1,R01658
458,2.5.1.10,R02003
459,2.5.1.29,R02061
460,1.1.1.30,R01361
461,2.1.1.5,R02821
462,2.7.1.15,R01051
463,2.7.1.15,R02750
464,2.1.2.1,R00945
465,2.1.2.1,R09099
466,2.7.1.23,R00104
467,2.5.1.22,R02869
468,2.7.7.23,R00416
469,2.7.7.83,R10183
470,3.6.5.4,R00335
471,3.5.1.12,R01076
472,3.5.1.12,R01077
473,3.5.1.12,R06134
474,5.3.99.5,R02268
475,2.2.1.1,R01641
476,2.2.1.1,R01067
477,2.2.1.1,R01830
478,2.2.1.1,R06590
479,2.2.1.1,R06861
480,2.2.1.1,R06863
481,2.4.2.29,R03789
482,2.4.2.29,R10209
483,3.1.1.4,R01315
484,3.1.1.4,R01317
485,3.1.1.4,R07064
486,3.1.1.4,R07859
487,3.1.1.4,R02053
488,3.1.1.4,R03107
489,3.1.1.4,R07379
490,3.1.1.4,R07387
491,2.8.2.20,R02586
492,2.7.1.107,R02240
493,1.14.13.9,R01960
494,6.1.1.1,R02918
495,2.4.1.83,R01009
496,2.3.1.97,R03992
497,2.8.2.11,R04017
498,2.8.2.11,R06279
499,2.8.2.11,R05105
500,2.8.2.11,R06122
501,2.8.2.11,R10805
502,3.2.2.6,R00102
503,3.2.2.6,R10629
504,3.2.2.6,R10630
505,2.4.99.20,R00119
506,2.4.99.20,R10631
507,2.4.99.20,R10632
508,6.1.1.20,R03660
509,1.2.4.4,R01701
510,1.2.4.4,R01702
511,1.2.4.4,R04225
512,1.2.4.4,R07599
513,1.2.4.4,R07600
514,1.2.4.4,R07601
515,1.2.4.4,R07602
516,1.2.4.4,R07603
517,1.2.4.4,R07604
518,1.2.4.4,R10996
519,1.2.4.4,R10997
520,3.1.2.22,R08602
521,3.1.2.22,R01274
522,6.4.1.3,R01859
523,6.4.1.3,R08924
524,1.1.1.37,R00342
525,1.1.1.37,R07136
526,2.3.1.176,R04811
527,2.3.1.176,R05330
528,2.3.1.176,R07937
529,2.3.1.176,R07953
530,2.7.11.8,R00162
531,2.7.1.82,R01468
532,1.14.99.1,R01599
533,1.14.99.1,R00073
534,1.14.99.1,R01590
535,1.1.1.315,R03048
536,1.1.1.315,R08382
537,3.1.1.79,R01369
538,3.1.1.79,R05209
539,3.1.1.79,R07293
540,3.1.3.56,R03394
541,3.1.3.56,R03430
542,2.1.2.9,R03940
543,5.1.3.3,R01602
544,5.1.3.3,R10619
545,1.3.1.38,R01278
546,1.3.1.38,R03776
547,1.3.1.38,R03856
548,1.3.1.38,R03989
549,1.3.1.38,R04753
550,1.3.1.38,R06985
551,3.9.1.3,R11258
552,3.9.1.3,R11259
553,2.3.2.2,R01262
554,2.3.2.2,R01687
555,2.3.2.2,R03867
556,2.3.2.2,R04935
557,2.3.2.2,R03916
558,2.3.2.2,R03970
559,2.3.2.2,R03971
560,3.4.19.13,R00494
561,6.1.1.11,R03662
562,6.1.1.11,R08218
563,3.1.3.74,R00173
564,3.1.3.74,R01911
565,3.1.3.74,R02494
566,2.7.7.8,R00437
567,2.7.7.8,R00438
568,2.7.7.8,R00439
569,2.7.7.8,R00440
570,2.4.1.109,R04072
571,2.4.1.109,R07620
572,2.4.1.109,R11399
573,2.3.1.6,R01023
574,3.5.3.15,R02621
575,2.7.3.2,R01881
576,2.1.1.6,R00827
577,2.1.1.6,R02534
578,2.1.1.6,R02920
579,2.1.1.6,R03304
580,2.1.1.6,R04301
581,2.1.1.6,R04762
582,2.1.1.6,R04764
583,2.1.1.6,R04881
584,2.1.1.6,R04887
585,2.7.1.20,R00185
586,2.5.1.141,R07411
587,1.13.11.63,R00032
588,2.3.1.7,R02396
589,2.7.1.113,R01967
590,1.3.1.21,R01456
591,1.3.1.21,R01451
592,1.3.1.21,R07487
593,1.3.1.21,R07492
594,3.6.1.23,R02100
595,3.6.1.23,R11896
596,2.4.1.224,R05936
597,2.4.1.224,R10139
598,2.4.1.225,R05935
599,2.4.1.225,R10138
600,2.4.1.223,R05930
601,2.4.1.223,R07397
602,1.2.1.3,R00631
603,1.2.1.3,R00710
604,1.2.1.3,R00904
605,1.2.1.3,R01752
606,1.2.1.3,R02549
607,1.2.1.3,R02678
608,1.2.1.3,R02940
609,1.2.1.3,R03283
610,1.2.1.3,R03869
611,1.2.1.3,R04065
612,1.2.1.3,R04506
613,1.2.1.3,R04903
614,1.2.1.3,R05050
615,1.2.1.3,R05286
616,1.2.1.3,R06366
617,1.2.1.3,R08146
618,1.2.1.3,R00264
619,1.2.1.3,R01986
620,1.2.1.3,R02957
621,1.2.1.3,R05237
622,1.2.1.3,R05238
623,2.7.9.3,R03595
624,1.14.13.8,R03344
625,1.14.13.8,R04523
626,1.14.13.8,R08266
627,2.4.2.19,R03348
628,4.2.1.46,R06513
629,6.3.2.17,R00942
630,6.3.2.17,R01654
631,6.3.2.17,R02237
632,6.3.2.17,R05197
633,2.4.1.68,R09319
634,2.1.1.2,R01883
635,3.5.4.6,R00181
636,3.5.1.2,R00256
637,3.5.1.2,R01579
638,3.5.1.2,R06134
639,2.1.1.20,R00367
640,2.4.1.117,R01005
641,2.4.1.186,R03681
642,2.6.1.52,R04173
643,2.6.1.52,R05085
644,2.4.1.11,R00292
645,2.4.1.11,R06051
646,6.1.1.5,R03656
647,1.1.1.42,R00267
648,1.1.1.42,R00268
649,1.1.1.42,R01899
650,5.3.3.2,R01123
651,3.1.6.13,R07812
652,3.1.6.13,R07821
653,3.1.3.25,R01185
654,3.1.3.25,R01186
655,3.1.3.25,R01187
656,2.7.1.127,R03433
657,2.7.1.3,R00866
658,2.7.1.3,R03819
659,3.5.3.1,R00551
660,2.4.1.22,R00503
661,2.4.1.22,R06067
662,1.4.3.13,R04239
663,3.1.1.7,R01026
664,3.2.1.18,R03491
665,3.2.1.18,R04018
666,3.2.1.18,R04634
667,3.2.1.18,R04650
668,3.2.1.18,R05115
669,3.2.1.18,R05117
670,3.2.1.18,R05996
671,3.2.1.18,R05998
672,3.2.1.18,R05999
673,3.2.1.18,R06012
674,3.2.1.18,R06147
675,3.2.1.18,R06253
676,2.1.3.3,R01398
677,2.7.4.10,R00157
678,2.1.1.77,R04190
679,6.1.1.2,R03664
680,1.13.11.20,R00893
681,2.7.7.41,R01799
682,6.3.3.2,R02301
683,1.5.1.6,R00941
684,5.5.1.4,R07324
685,3.5.1.6,R00905
686,3.5.1.6,R04666
687,3.5.1.6,R06134
688,3.5.1.6,R08228
689,1.1.1.44,R01528
690,1.1.1.343,R10221
691,3.1.4.4,R01310
692,3.1.4.4,R02051
693,3.1.4.4,R07385
694,3.1.3.43,R03450
695,1.5.5.2,R01253
696,2.7.8.29,R07376
697,2.4.2.9,R00966
698,1.3.8.8,R01279
699,1.3.8.8,R03777
700,1.3.8.8,R03857
701,1.3.8.8,R03990
702,1.3.8.8,R04751
703,1.3.8.8,R04754
704,2.7.11.10,R00162
705,2.7.11.21,R00162
706,4.1.1.19,R00566
707,4.3.2.7,R11861
708,2.7.11.2,R03449
709,4.1.1.36,R03269
710,2.4.1.174,R05929
711,2.4.1.175,R04603
712,2.4.1.175,R05932
713,2.4.1.175,R05934
714,1.1.99.1,R01025
715,3.2.1.14,R01206
716,3.2.1.14,R02334
717,3.2.1.14,R06081
718,3.2.1.14,R06082
719,1.14.18.9,R04501
720,1.14.18.9,R05733
721,1.14.18.9,R05734
722,1.14.18.9,R10057
723,1.14.18.9,R04328
724,1.14.18.9,R07509
725,1.14.18.9,R12403
726,1.1.1.170,R04483
727,1.1.1.170,R07149
728,1.1.1.170,R07494
729,1.1.1.170,R12404
730,1.1.1.170,R04328
731,2.5.1.16,R01920
732,2.5.1.16,R08359
733,1.1.1.10,R01904
734,4.1.2.4,R01066
735,2.5.1.58,R09844
736,2.3.1.75,R01999
737,2.4.1.147,R05909
738,2.4.1.147,R03513
739,3.2.1.207,R05980
740,3.2.1.207,R05981
741,2.7.1.137,R03362
742,2.4.1.134,R05927
743,5.2.1.8,R04273
744,2.3.1.179,R02768
745,2.3.1.179,R04355
746,2.3.1.179,R04726
747,2.3.1.179,R04952
748,2.3.1.179,R04957
749,2.3.1.179,R04960
750,2.3.1.179,R04963
751,2.3.1.179,R04968
752,2.3.1.179,R07762
753,2.3.1.179,R10115
754,2.3.1.179,R10119
755,2.7.11.14,R02903
756,1.3.99.12,R03172
757,1.3.99.12,R02661
758,1.3.8.9,R01279
759,1.3.8.9,R03990
760,2.4.1.259,R06259
761,2.4.1.261,R06261
762,1.5.8.3,R00611
763,2.3.1.57,R01154
764,3.1.1.23,R01351
765,3.1.1.23,R01352
766,2.5.1.17,R12183
767,2.5.1.17,R12184
768,2.5.1.17,R01492
769,2.5.1.17,R05220
770,2.5.1.17,R07268
771,3.4.17.23,R09535
772,3.3.2.9,R07627
773,3.3.2.9,R11930
774,3.3.2.9,R07013
775,3.3.2.9,R07014
776,3.3.2.9,R07027
777,3.3.2.9,R07071
778,3.3.2.9,R07072
779,3.3.2.9,R07082
780,3.3.2.9,R09410
781,3.3.2.9,R09417
782,3.3.2.9,R09443
783,3.3.2.10,R05842
784,3.3.2.10,R07108
785,3.3.2.10,R07109
786,3.3.2.10,R07110
787,3.3.2.10,R07111
788,3.1.3.76,R07582
789,1.13.11.52,R00678
790,1.13.11.52,R07362
791,1.13.11.52,R02702
792,1.13.11.52,R02909
793,1.13.11.52,R03628
794,2.4.1.131,R06127
795,2.4.1.131,R06128
796,1.3.1.72,R05703
797,1.3.1.72,R01457
798,1.3.1.72,R03689
799,1.3.1.72,R07498
800,1.3.1.72,R07499
801,1.3.1.72,R07507
802,1.15.1.1,R00275
803,6.1.1.6,R03658
804,2.7.11.30,R00162
805,6.1.1.4,R03657
806,2.7.1.28,R01059
807,2.7.1.29,R01011
808,4.6.1.15,R07636
809,2.8.1.8,R07767
810,2.8.1.8,R12423
811,2.8.1.8,R12424
812,2.7.8.41,R02030
813,3.1.4.35,R01234
814,1.14.11.66,R09510
815,1.14.11.66,R12459
816,1.14.11.66,R12460
817,1.14.11.69,R09510
818,1.14.11.69,R12459
819,1.14.11.69,R12460
820,2.4.1.135,R04607
821,2.4.1.135,R05928
822,1.8.4.2,R03915
823,1.8.4.2,R02824
824,4.1.1.29,R02466
825,4.1.1.29,R01682
826,3.5.1.88,R05635
827,3.5.1.88,R04268
828,2.1.1.49,R02174
829,2.1.1.49,R02910
830,2.1.1.49,R08537
831,2.1.1.96,R02572
832,2.1.1.96,R09370
833,3.5.3.11,R01157
834,3.6.1.5,R02319
835,3.6.1.5,R10442
836,3.6.1.5,R10443
837,3.6.1.5,R00085
838,3.6.1.5,R00086
839,3.6.1.5,R00122
840,3.6.1.5,R00155
841,3.6.1.5,R00159
842,3.6.1.5,R00328
843,3.6.1.5,R00335
844,3.6.1.5,R00514
845,3.6.1.5,R00569
846,3.6.1.5,R00719
847,3.6.1.5,R00961
848,3.6.1.5,R02092
849,3.6.1.5,R02095
850,3.6.1.6,R00155
851,3.6.1.6,R00328
852,3.6.1.6,R00961
853,2.7.1.30,R00847
854,1.14.11.8,R03451
855,2.7.1.21,R01567
856,2.7.1.21,R02099
857,2.7.1.21,R08233
858,3.2.1.113,R12479
859,3.4.17.21,R10687
860,3.4.17.21,R10688
861,1.14.11.2,R03219
862,1.14.11.2,R01252
863,1.14.19.1,R02222
864,1.14.19.1,R12173
865,2.4.1.149,R04659
866,2.4.1.149,R05974
867,2.4.1.149,R05975
868,1.14.15.15,R03507
869,1.14.15.15,R04807
870,1.14.15.15,R08761
871,1.14.15.15,R11142
872,1.14.15.15,R04806
873,1.14.15.15,R08505
874,1.14.15.15,R08758
875,1.14.15.15,R08759
876,1.14.15.15,R08760
877,2.4.99.7,R04635
878,2.4.99.9,R03488
879,2.4.99.9,R05937
880,2.4.99.9,R04630
881,2.4.99.9,R04647
882,2.4.99.9,R06003
883,2.4.99.9,R06007
884,2.1.1.114,R04711
885,2.1.1.64,R02175
886,2.1.1.64,R05614
887,2.1.1.64,R07235
888,5.4.99.12,R03020
889,2.3.3.1,R00351
890,2.4.1.228,R03486
891,2.4.1.228,R05960
892,2.4.1.228,R11375
893,2.4.1.228,R11376
894,2.4.1.228,R11377
895,1.14.14.1,R01842
896,1.14.14.1,R02354
897,1.14.14.1,R02355
898,1.14.14.1,R02356
899,1.14.14.1,R02503
900,1.14.14.1,R03088
901,1.14.14.1,R03089
902,1.14.14.1,R03090
903,1.14.14.1,R03408
904,1.14.14.1,R03629
905,1.14.14.1,R04121
906,1.14.14.1,R03697
907,1.14.14.1,R05259
908,1.14.14.1,R07000
909,1.14.14.1,R07001
910,1.14.14.1,R07021
911,1.14.14.1,R07022
912,1.14.14.1,R07042
913,1.14.14.1,R07043
914,1.14.14.1,R07044
915,1.14.14.1,R07045
916,1.14.14.1,R07046
917,1.14.14.1,R07048
918,1.14.14.1,R07050
919,1.14.14.1,R07051
920,1.14.14.1,R07052
921,1.14.14.1,R07054
922,1.14.14.1,R07055
923,1.14.14.1,R07056
924,1.14.14.1,R07079
925,1.14.14.1,R07080
926,1.14.14.1,R07081
927,1.14.14.1,R07085
928,1.14.14.1,R07087
929,1.14.14.1,R07098
930,1.14.14.1,R07099
931,1.14.14.1,R07939
932,1.14.14.1,R07943
933,1.14.14.1,R07945
934,1.14.14.1,R08225
935,1.14.14.1,R08265
936,1.14.14.1,R08267
937,1.14.14.1,R08270
938,1.14.14.1,R08286
939,1.14.14.1,R08287
940,1.14.14.1,R08293
941,1.14.14.1,R08294
942,1.14.14.1,R08312
943,1.14.14.1,R08343
944,1.14.14.1,R08344
945,1.14.14.1,R08345
946,1.14.14.1,R08390
947,1.14.14.1,R08391
948,1.14.14.1,R08392
949,1.14.14.1,R09404
950,1.14.14.1,R09405
951,1.14.14.1,R09406
952,1.14.14.1,R09407
953,1.14.14.1,R09408
954,1.14.14.1,R09416
955,1.14.14.1,R09418
956,1.14.14.1,R09421
957,1.14.14.1,R09423
958,1.14.14.1,R09424
959,1.14.14.1,R09425
960,1.14.14.1,R09442
961,1.14.14.24,R03611
962,1.14.14.29,R07209
963,1.14.14.29,R07372
964,1.14.14.29,R08727
965,1.14.14.29,R08943
966,1.14.18.8,R04826
967,1.14.14.139,R07204
968,1.14.14.14,R01840
969,1.14.14.14,R02351
970,1.14.14.14,R02501
971,1.14.14.14,R03087
972,1.14.14.14,R04759
973,1.14.14.14,R04761
974,1.14.14.14,R10511
975,1.14.14.14,R10515
976,1.14.15.16,R09515
977,1.14.15.16,R09516
978,1.14.14.26,R07208
979,1.14.14.25,R07207
980,4.2.1.17,R03026
981,4.2.1.17,R03045
982,4.2.1.17,R04170
983,4.2.1.17,R04204
984,4.2.1.17,R04224
985,4.2.1.17,R04738
986,4.2.1.17,R04740
987,4.2.1.17,R04744
988,4.2.1.17,R04746
989,4.2.1.17,R04749
990,4.2.1.17,R07889
991,4.2.1.17,R07893
992,4.2.1.17,R07897
993,4.2.1.17,R07314
994,4.2.1.17,R03224
995,4.2.1.17,R04137
996,4.2.1.17,R05595
997,4.2.1.17,R06411
998,4.2.1.17,R06412
999,4.2.1.17,R06942
1000,4.2.1.17,R08093
1001,1.14.14.79,R10795
1002,2.3.1.16,R00238
1003,2.3.1.16,R00829
1004,2.3.1.16,R00927
1005,2.3.1.16,R01177
1006,2.3.1.16,R03778
1007,2.3.1.16,R03858
1008,2.3.1.16,R03991
1009,2.3.1.16,R04742
1010,2.3.1.16,R04747
1011,2.3.1.16,R05506
1012,2.3.1.16,R05586
1013,2.3.1.16,R07891
1014,2.3.1.16,R07895
1015,2.3.1.16,R07899
1016,2.3.1.16,R07937
1017,2.3.1.16,R07953
1018,2.3.1.16,R08091
1019,2.3.1.16,R08095
1020,2.4.1.47,R04322
1021,2.4.1.47,R10804
1022,1.1.1.34,R02082
1023,1.2.4.2,R01700
1024,1.2.4.2,R00621
1025,1.2.4.2,R01933
1026,1.2.4.2,R01940
1027,1.2.4.2,R03316
1028,1.2.4.2,R08549
1029,3.5.1.92,R02973
1030,1.6.5.2,R02964
1031,1.6.5.2,R03643
1032,1.6.5.2,R03816
1033,1.6.5.2,R07359
1034,1.10.5.1,R07361
1035,2.6.1.42,R01090
1036,2.6.1.42,R01214
1037,2.6.1.42,R02199
1038,2.6.1.42,R10991
1039,3.1.3.57,R03393
1040,3.1.3.57,R03427
1041,2.8.2.35,R10873
1042,2.8.2.33,R10868
1043,2.8.2.33,R10869
1044,1.14.11.7,R03218
1045,2.7.11.4,R03516
1046,2.7.11.15,R03274
1047,6.1.1.17,R05578
1048,1.13.11.33,R01593
1049,1.13.11.33,R03626
1050,1.6.2.2,R00100
1051,3.1.6.12,R07823
1052,6.1.1.15,R03661
1053,3.5.1.52,R08707
1054,4.6.1.1,R00089
1055,4.6.1.1,R00434
1056,2.7.11.19,R00076
1057,2.4.1.65,R06155
1058,2.4.1.65,R06025
1059,2.4.1.65,R06038
1060,2.4.1.65,R06039
1061,2.4.1.65,R06075
1062,2.4.1.65,R06076
1063,2.4.1.65,R06095
1064,2.4.1.65,R06162
1065,2.4.1.65,R06163
1066,2.4.1.65,R06164
1067,2.4.1.65,R06165
1068,2.4.1.65,R06221
1069,2.4.1.65,R06222
1070,2.4.1.65,R06224
1071,2.4.1.65,R06227
1072,2.4.1.65,R06230
1073,2.4.1.274,R03354
1074,2.4.1.274,R06276
1075,2.7.7.72,R09382
1076,2.7.7.72,R09383
1077,2.7.7.72,R09384
1078,2.7.7.72,R09386
1079,6.1.1.12,R05577
1080,2.4.99.1,R04532
1081,2.4.99.1,R06188
1082,2.4.99.1,R03489
1083,2.4.99.1,R05580
1084,2.4.99.1,R05905
1085,2.4.99.1,R05906
1086,2.4.99.1,R05990
1087,2.4.99.1,R06121
1088,2.4.99.1,R09298
1089,2.7.11.18,R03150
1090,2.3.2.8,R03862
1091,1.1.1.31,R05066
1092,1.14.14.23,R01463
1093,1.14.14.23,R07372
1094,1.14.14.23,R08961
1095,1.14.14.19,R02211
1096,1.14.14.19,R03783
1097,1.14.14.19,R04852
1098,1.14.14.19,R04853
1099,1.14.14.32,R08517
1100,1.14.14.32,R08518
1101,1.14.14.16,R02213
1102,1.14.14.16,R02838
1103,1.14.14.16,R03326
1104,1.14.14.16,R03784
1105,1.14.14.16,R03849
1106,1.14.14.16,R04675
1107,5.3.99.4,R02267
1108,1.8.4.11,R04120
1109,1.8.4.11,R07606
1110,1.14.15.6,R02723
1111,1.14.15.6,R02724
1112,1.14.15.6,R03933
1113,1.14.15.6,R04855
1114,1.14.15.6,R01454
1115,1.14.15.6,R04676
1116,1.14.15.6,R04854
1117,2.8.2.2,R03405
1118,2.8.2.2,R08977
1119,2.8.2.2,R08978
1120,1.1.1.102,R02978
1121,2.4.1.86,R11714
1122,2.4.1.86,R04610
1123,2.4.1.86,R06006
1124,2.4.1.146,R04636
1125,2.4.1.146,R05901
1126,3.2.1.166,R07811
1127,1.14.19.20,R07215
1128,1.14.19.20,R07486
1129,1.14.19.20,R07491
1130,1.14.19.20,R07505
1131,2.1.1.201,R09737
1132,2.1.1.201,R04983
1133,2.1.1.201,R04990
1134,2.1.1.201,R08774
1135,3.1.2.21,R04014
1136,3.1.2.21,R08157
1137,3.1.2.21,R08158
1138,3.1.2.21,R12329
1139,1.14.11.51,R11345
1140,2.3.3.8,R00352
1141,3.5.1.89,R03482
1142,3.5.1.89,R05917
1143,1.8.3.5,R09562
1144,1.8.3.6,R09562
1145,2.4.2.3,R01876
1146,2.4.2.3,R02484
1147,2.4.2.3,R08229
1148,2.4.99.3,R05914
1149,2.4.99.3,R06273
1150,2.4.99.4,R04590
1151,2.4.99.4,R05913
1152,2.4.99.4,R04648
1153,2.4.99.4,R05116
1154,2.4.99.4,R05942
1155,2.4.99.4,R05949
1156,2.4.99.4,R05957
1157,2.4.99.4,R05967
1158,2.4.99.8,R04583
1159,2.4.99.8,R05940
1160,2.4.99.8,R05947
1161,2.4.99.8,R06032
1162,2.4.99.8,R04632
1163,2.4.99.8,R04649
1164,2.4.99.8,R04661
1165,2.4.99.8,R05113
1166,2.4.99.8,R05995
1167,2.4.99.8,R06000
1168,2.4.99.8,R06005
1169,2.4.99.8,R06009
1170,2.7.7.19,R00435
1171,3.1.4.11,R03435
1172,3.1.4.11,R03332
1173,3.1.4.11,R10952
1174,3.2.1.31,R07818
1175,3.2.1.31,R08260
1176,3.2.1.31,R10830
1177,3.2.1.31,R04979
1178,3.2.1.31,R08127
1179,3.5.3.4,R02422
1180,3.2.1.1,R02108
1181,3.2.1.1,R02112
1182,3.2.1.1,R06209
1183,3.2.1.1,R11262
1184,2.3.1.50,R01281
1185,3.1.3.4,R02239
1186,3.1.3.4,R04162
1187,3.1.3.4,R06520
1188,3.1.3.4,R06521
1189,3.1.3.4,R06522
1190,1.1.1.35,R01975
1191,1.1.1.35,R04203
1192,1.1.1.35,R04737
1193,1.1.1.35,R04739
1194,1.1.1.35,R04741
1195,1.1.1.35,R04743
1196,1.1.1.35,R04745
1197,1.1.1.35,R04748
1198,1.1.1.35,R06941
1199,1.1.1.35,R07890
1200,1.1.1.35,R07894
1201,1.1.1.35,R07898
1202,1.1.1.35,R05066
1203,1.1.1.35,R05305
1204,1.1.1.35,R05575
1205,1.1.1.35,R08094
1206,2.7.1.11,R04779
1207,2.7.1.11,R00767
1208,2.7.1.11,R00769
1209,2.7.1.11,R00770
1210,2.7.1.11,R01843
1211,2.7.1.11,R03236
1212,2.7.1.11,R03237
1213,2.7.1.11,R03238
1214,2.7.1.11,R03239
1215,2.7.1.36,R02245
1216,1.1.1.205,R01130
1217,1.1.1.205,R08240
1218,4.2.1.11,R00658
1219,4.2.1.11,R04206
1220,2.7.1.74,R01666
1221,2.7.1.74,R00185
1222,2.7.1.6,R01092
1223,2.7.1.40,R00200
1224,2.7.1.40,R00430
1225,2.7.1.40,R00572
1226,2.7.1.40,R00659
1227,2.7.1.40,R00724
1228,2.7.1.40,R01138
1229,2.7.1.40,R01858
1230,2.7.1.40,R02320
1231,1.3.99.23,R07163
1232,3.7.1.2,R01364
1233,2.7.7.12,R00955
1234,1.13.11.27,R02521
1235,1.13.11.27,R01372
1236,1.14.14.18,R00311
1237,2.5.1.21,R00702
1238,2.5.1.21,R02872
1239,2.5.1.21,R06223
1240,4.1.1.22,R01167
1241,3.1.3.1,R02135
1242,3.1.3.1,R03024
1243,3.1.3.1,R01010
1244,3.1.3.1,R04620
1245,3.6.1.7,R00317
1246,3.6.1.7,R01421
1247,3.6.1.7,R01515
1248,2.7.7.31,R00379
1249,4.1.1.50,R00178
1250,1.3.8.1,R01175
1251,1.3.8.1,R04751
1252,1.3.8.1,R02661
1253,1.3.8.1,R03172
1254,1.3.8.1,R04432
1255,2.1.1.56,R03805
1256,3.6.1.1,R00004
1257,1.3.1.2,R00978
1258,1.3.1.2,R01415
1259,1.3.1.2,R08226
1260,2.4.1.133,R05926
1261,5.3.1.22,R01394
1262,2.4.2.7,R00190
1263,2.4.2.7,R01229
1264,2.4.2.7,R04378
1265,2.8.2.1,R01242
1266,2.1.1.13,R00946
1267,2.1.1.13,R09365
1268,5.1.3.8,R01207
1269,2.3.1.135,R08387
1270,2.3.1.135,R08389
1271,1.14.16.1,R07211
1272,1.14.16.1,R01795
1273,1.4.3.3,R02457
1274,1.4.3.3,R02894
1275,1.4.3.3,R02923
1276,1.4.3.3,R05861
1277,1.4.3.3,R07400
1278,1.4.3.3,R00366
1279,1.4.3.3,R04221
1280,1.4.3.3,R06124
1281,4.1.1.32,R00431
1282,4.1.1.32,R00726
1283,2.3.1.9,R00238
1284,2.3.1.9,R00927
1285,2.3.1.9,R01177
1286,4.1.1.28,R02080
1287,4.1.1.28,R02701
1288,4.1.1.28,R00685
1289,4.1.1.28,R00699
1290,4.1.1.28,R00736
1291,4.1.1.28,R04909
1292,4.1.1.105,R00685
1293,4.1.1.105,R11932
1294,3.5.4.16,R00424
1295,3.5.4.16,R00428
1296,3.5.4.16,R04639
1297,3.5.4.16,R05046
1298,3.5.4.16,R05048
1299,1.14.18.1,R00031
1300,1.14.18.1,R00045
1301,1.14.18.1,R00058
1302,1.14.18.1,R00731
1303,1.14.18.1,R02078
1304,1.14.18.1,R02363
1305,1.14.18.1,R02383
1306,1.14.18.1,R02950
1307,1.14.18.1,R04693
1308,1.14.18.1,R04884
1309,2.7.8.11,R01802
1310,2.7.1.1,R00299
1311,2.7.1.1,R00760
1312,2.7.1.1,R00867
1313,2.7.1.1,R01326
1314,2.7.1.1,R01600
1315,2.7.1.1,R01786
1316,2.7.1.1,R01961
1317,2.7.1.1,R02865
1318,2.7.1.1,R03920
1319,2.7.1.1,R00725
1320,2.7.1.1,R00876
1321,2.7.1.1,R01139
1322,2.7.1.1,R01140
1323,2.7.1.1,R01327
1324,2.7.1.1,R01330
1325,2.7.1.1,R01964
1326,2.7.1.1,R01965
1327,2.7.1.1,R02849
1328,2.7.1.1,R02850
1329,2.7.1.1,R02867
1330,2.7.1.1,R02868
1331,3.5.1.9,R01959
1332,3.5.1.9,R00988
1333,3.5.1.9,R04911
1334,3.1.1.45,R03893
1335,3.1.1.45,R05510
1336,3.1.1.45,R05511
1337,3.1.1.45,R06835
1338,3.1.1.45,R06838
1339,3.1.1.45,R08120
1340,3.1.1.45,R08121
1341,3.1.1.45,R09136
1342,3.1.1.45,R09220
1343,3.1.1.45,R09222
1344,3.2.2.19,R01886
1345,3.2.2.19,R07626
1346,3.1.6.8,R04856
1347,3.1.6.8,R06280
1348,4.1.1.15,R00261
1349,4.1.1.15,R00489
1350,4.1.1.15,R01682
1351,4.1.1.15,R02466
1352,5.3.1.9,R02740
1353,5.3.1.9,R03321
1354,5.3.1.9,R02739
1355,2.1.1.45,R02101
1356,2.5.1.6,R00177
1357,2.5.1.6,R04771
1358,2.4.2.26,R05925
1359,2.4.1.69,R05968
1360,2.4.1.69,R06024
1361,2.4.1.69,R06031
1362,2.4.1.69,R06035
1363,2.4.1.69,R06041
1364,2.4.1.69,R06085
1365,2.4.1.69,R06086
1366,2.4.1.69,R06089
1367,2.4.1.69,R06090
1368,2.4.1.69,R06156
1369,2.4.1.69,R06170
1370,3.4.19.9,R04242
1371,3.1.3.66,R07299
1372,3.1.3.66,R04372
1373,3.1.3.66,R10950
1374,1.6.2.4,R00106
1375,1.6.2.4,R05102
1376,1.6.2.4,R08539
1377,1.6.2.4,R08551
1378,1.13.11.34,R01595
1379,1.13.11.34,R03058
1380,1.13.11.34,R08527
1381,1.14.11.4,R03376
1382,1.3.8.7,R01175
1383,1.3.8.7,R01279
1384,1.3.8.7,R03777
1385,1.3.8.7,R03857
1386,1.3.8.7,R03990
1387,1.3.8.7,R04095
1388,1.3.8.7,R04751
1389,1.3.8.7,R04754
1390,1.3.8.7,R02661
1391,1.3.8.7,R03172
1392,2.4.1.1,R01821
1393,2.4.1.1,R06050
1394,2.4.1.1,R02111
1395,2.4.1.1,R06185
1396,1.4.3.1,R00359
1397,1.4.3.1,R06124
1398,2.1.1.1,R01269
1399,5.1.3.1,R01529
1400,1.2.1.18,R00705
1401,1.2.1.18,R00706
1402,1.2.1.27,R00935
1403,1.2.1.27,R00705
1404,1.4.3.21,R02382
1405,1.4.3.21,R02529
1406,1.4.3.21,R02613
1407,1.4.3.21,R03139
1408,1.4.3.21,R04027
1409,1.4.3.21,R04300
1410,1.4.3.21,R05334
1411,1.4.3.21,R06154
1412,1.4.3.21,R06740
1413,2.7.8.2,R01321
1414,2.7.8.2,R04321
1415,2.7.8.2,R04922
1416,2.7.8.2,R07389
1417,4.3.2.1,R01086
1418,2.1.1.67,R08236
1419,2.1.1.67,R08239
1420,2.1.1.67,R08246
1421,5.3.99.3,R02265
1422,3.1.3.77,R07393
1423,3.1.3.77,R07394
1424,3.1.3.77,R07395
1425,1.3.1.24,R02391
1426,1.3.1.24,R02393
1427,1.1.1.21,R01036
1428,1.1.1.21,R01093
1429,1.1.1.21,R01758
1430,1.1.1.21,R01041
1431,1.1.1.21,R01095
1432,1.1.1.21,R01431
1433,1.1.1.21,R01759
1434,1.1.1.21,R01787
1435,1.1.1.21,R02531
1436,1.1.1.21,R02577
1437,1.1.1.21,R04285
1438,1.1.1.21,R11764
1439,2.1.1.100,R04496
1440,2.4.1.145,R05987
1441,2.4.1.145,R04662
1442,3.1.4.37,R03422
1443,3.5.4.5,R01878
1444,3.5.4.5,R02485
1445,3.5.4.5,R08221
1446,2.4.2.14,R01072
1447,2.4.1.18,R02110
1448,2.4.1.18,R06186
1449,2.7.8.17,R04291
1450,3.1.4.45,R04373
1451,2.4.1.102,R04575
1452,2.4.1.102,R05912
1453,2.4.1.102,R05910
1454,1.8.1.4,R03815
1455,1.8.1.4,R07618
1456,1.8.1.4,R00209
1457,1.8.1.4,R01221
1458,1.8.1.4,R01698
1459,1.8.1.4,R01933
1460,1.8.1.4,R08549
1461,6.3.4.2,R00256
1462,6.3.4.2,R00571
1463,6.3.4.2,R00573
1464,2.7.1.26,R00549
1465,1.1.1.22,R00286
1466,6.3.1.2,R00253
1467,1.1.1.64,R01838
1468,1.13.11.31,R01596
1469,3.5.2.9,R00251
1470,6.3.5.1,R00257
1471,6.3.5.1,R00189
1472,4.1.1.35,R01384
1473,4.2.1.75,R03165
1474,3.2.1.25,R06207
1475,3.2.1.25,R08614
1476,3.2.1.25,R01332
1477,2.3.1.87,R02911
1478,1.3.8.4,R04096
1479,1.3.8.4,R04095
1480,3.1.1.34,R01369
1481,3.1.1.34,R01350
1482,3.2.1.51,R03162
1483,4.2.1.22,R01290
1484,4.2.1.22,R00891
1485,4.2.1.22,R01289
1486,4.2.1.22,R04942
1487,3.5.3.18,R02513
1488,4.3.1.3,R01168
1489,4.3.1.3,R06132
1490,1.13.99.1,R01184
1491,3.1.6.14,R07808
1492,3.1.6.14,R07819
1493,1.13.11.71,R10559
1494,1.13.11.5,R02519
1495,1.2.1.5,R00631
1496,1.2.1.5,R00710
1497,1.2.1.5,R00904
1498,1.2.1.5,R02536
1499,1.2.1.5,R02695
1500,1.2.1.5,R03300
1501,1.2.1.5,R04882
1502,1.2.1.5,R04888
1503,1.2.1.5,R04891
1504,1.2.1.5,R04996
1505,1.2.1.5,R08282
1506,1.2.1.5,R08307
1507,1.2.1.5,R00711
1508,1.2.1.5,R02537
1509,1.2.1.5,R02697
1510,1.2.1.5,R03302
1511,1.2.1.5,R04883
1512,1.2.1.5,R04889
1513,1.2.1.5,R04892
1514,1.2.1.5,R08283
1515,1.2.1.5,R07104
1516,1.14.17.1,R02535
1517,4.1.1.33,R01121
1518,1.17.4.1,R02017
1519,1.17.4.1,R02018
1520,1.17.4.1,R02019
1521,1.17.4.1,R02024
1522,1.17.4.1,R08363
1523,1.17.4.1,R08364
1524,1.17.4.1,R11893
1525,2.1.1.361,R03875
1526,6.5.1.1,R00381
1527,6.5.1.6,R00381
1528,6.5.1.6,R00382
1529,6.5.1.7,R00381
1530,6.5.1.7,R10822
1531,6.5.1.7,R10823
1532,2.3.1.234,R10648
1533,1.11.1.8,R02810
1534,1.11.1.8,R08522
1535,1.11.1.8,R08523
1536,1.11.1.8,R03208
1537,1.11.1.8,R03539
1538,1.11.1.8,R03953
1539,1.11.1.8,R03973
1540,1.11.1.8,R08520
1541,1.11.1.8,R08521
1542,2.4.2.30,R04176
1543,1.14.11.27,R09510
1544,1.14.11.27,R09511
1545,1.14.11.27,R10056
1546,2.4.2.28,R01402
1547,4.1.1.84,R07313
1548,3.2.1.114,R05984
1549,4.1.1.9,R00233
1550,4.1.1.9,R05373
1551,2.7.4.9,R02094
1552,2.7.4.9,R02098
1553,2.4.1.152,R05904
1554,2.4.1.152,R06025
1555,2.4.1.152,R06038
1556,2.4.1.152,R06039
1557,2.4.1.152,R06221
1558,2.4.1.152,R06222
1559,2.4.1.152,R06076
1560,2.4.1.152,R06095
1561,2.4.1.152,R06224
1562,2.4.1.152,R06227
1563,2.4.1.152,R06230
1564,2.7.1.59,R01201
1565,4.4.1.5,R02530
1566,2.1.1.17,R02056
1567,2.1.1.71,R03424
1568,2.1.1.71,R01320
1569,2.4.1.88,R04182
1570,2.4.1.88,R05965
1571,2.4.1.88,R11322
1572,1.1.1.2,R00625
1573,1.1.1.2,R00746
1574,1.1.1.2,R01041
1575,1.1.1.2,R05231
1576,1.1.1.2,R01481
1577,2.4.1.101,R05983
1578,3.5.4.3,R01676
1579,2.1.4.1,R00565
1580,2.1.4.1,R01686
1581,2.1.4.1,R01989
1582,5.4.2.2,R00959
1583,5.4.2.2,R01057
1584,5.4.2.2,R03319
1585,2.3.1.29,R00371
1586,2.3.2.5,R04058
1587,1.5.5.1,R04433
1588,1.1.1.41,R00709
1589,2.7.1.94,R02757
1590,2.7.1.94,R02758
1591,3.1.1.8,R01026
1592,3.1.2.6,R01736
1593,2.7.7.2,R00161
1594,3.1.3.3,R00582
1595,3.1.3.3,R02853
1596,2.6.1.5,R00734
1597,2.6.1.5,R00694
1598,2.6.1.5,R07396
1599,1.1.1.95,R01513
1600,1.1.1.95,R08198
1601,1.1.1.399,R11337
1602,2.7.8.15,R01007
1603,2.7.8.15,R05969
1604,2.3.1.61,R02570
1605,2.3.1.61,R01933
1606,2.3.1.61,R02571
1607,2.3.1.61,R08549
1608,2.4.1.144,R05986
1609,2.4.1.144,R07259
1610,1.13.11.11,R00678
1611,6.1.1.18,R03652
1612,5.3.1.8,R01819
1613,1.1.99.2,R03534
1614,2.4.1.150,R06189
1615,2.4.1.150,R02790
1616,2.4.1.150,R04654
1617,2.4.1.150,R06013
1618,5.1.99.4,R08734
1619,5.1.99.4,R08739
1620,3.1.3.7,R00188
1621,3.1.3.7,R00508
1622,2.3.1.37,R00830
1623,3.2.1.46,R03617
1624,3.2.1.106,R05979
1625,3.1.1.53,R08600
1626,3.1.1.53,R08601
1627,2.7.1.17,R01639
1628,3.1.4.39,R04362
1629,3.1.4.39,R07388
1630,4.1.3.3,R01811
1631,3.5.1.23,R01494
1632,3.5.1.23,R06518
1633,3.5.1.23,R06528
1634,1.1.1.8,R00842
1635,2.6.1.16,R00768
1636,2.7.1.164,R08223
1637,2.7.1.158,R05202
1638,2.9.1.2,R08224
1639,6.5.1.4,R04274
1640,1.11.2.2,R09564
1641,1.11.2.2,R11906
1642,2.4.1.25,R05196
1643,2.4.1.25,R06069
1644,3.2.1.33,R02109
1645,3.2.1.33,R06158
1646,3.5.1.15,R00488
1647,3.5.1.15,R00526
1648,1.17.4.4,R03511
1649,1.17.4.4,R03645
1650,1.17.4.4,R09992
1651,3.1.1.31,R02035
1652,2.4.1.155,R05991
1653,2.4.1.155,R04665
1654,1.3.8.6,R02487
1655,1.3.8.6,R03028
1656,1.3.8.6,R10074
1657,1.13.11.6,R02665
1658,2.8.2.4,R02350
1659,3.2.1.22,R01101
1660,3.2.1.22,R01103
1661,3.2.1.22,R01104
1662,3.2.1.22,R01194
1663,3.2.1.22,R01329
1664,3.2.1.22,R02926
1665,3.2.1.22,R03618
1666,3.2.1.22,R03634
1667,3.2.1.22,R04019
1668,3.2.1.22,R04470
1669,3.2.1.22,R05549
1670,3.2.1.22,R05961
1671,3.2.1.22,R06070
1672,3.2.1.22,R06091
1673,3.2.1.22,R06093
1674,3.2.1.22,R06094
1675,3.2.1.22,R06096
1676,3.2.1.22,R06142
1677,3.2.1.22,R06152
1678,2.7.4.21,R09087
1679,2.7.4.21,R10548
1680,2.4.1.80,R01497
1681,2.4.1.80,R06275
1682,5.1.3.2,R00291
1683,5.1.3.2,R00418
1684,5.1.3.2,R02984
1685,6.3.5.4,R00256
1686,6.3.5.4,R00483
1687,6.3.5.4,R00578
1688,1.1.1.141,R02580
1689,1.1.1.141,R02683
1690,3.6.1.17,R01232
1691,3.6.1.17,R00184
1692,3.6.1.17,R00969
1693,3.6.1.17,R02805
1694,2.7.7.9,R00289
1695,3.5.2.2,R02269
1696,3.5.2.2,R03055
1697,3.5.2.2,R08227
1698,2.4.1.92,R04584
1699,2.4.1.92,R05939
1700,2.4.1.92,R03490
1701,2.4.1.92,R05109
1702,2.4.1.92,R05938
1703,2.4.1.92,R05946
1704,2.4.1.92,R05952
1705,1.5.1.3,R00939
1706,1.5.1.3,R00936
1707,1.5.1.3,R00937
1708,1.5.1.3,R00940
1709,1.5.1.3,R02235
1710,1.5.1.3,R02236
1711,1.5.1.3,R11765
1712,4.1.3.4,R01360
1713,4.1.3.4,R08090
1714,2.2.1.2,R01827
1715,4.2.1.24,R00036
1716,1.5.8.4,R01565
1717,2.3.1.12,R02569
1718,2.3.1.12,R00209
1719,4.3.2.2,R01083
1720,4.3.2.2,R04559
1721,1.1.1.49,R02736
1722,1.1.1.363,R02736
1723,1.1.1.363,R10907
1724,3.2.1.49,R04183
1725,3.2.1.49,R05966
1726,4.2.1.96,R04734
1727,1.3.1.3,R02609
1728,1.3.1.3,R02893
1729,1.3.1.3,R01835
1730,1.3.1.3,R02219
1731,1.3.1.3,R02498
1732,1.3.1.3,R02841
1733,1.3.1.3,R03713
1734,1.3.1.3,R03850
1735,1.3.1.3,R04817
1736,1.3.1.3,R04823
1737,3.1.3.9,R01788
1738,1.2.1.24,R00713
1739,6.1.1.22,R03648
1740,4.4.1.16,R03599
1741,1.14.11.18,R05722
1742,1.14.11.1,R02397
1743,2.1.1.37,R04858
1744,5.3.1.1,R01015
1745,5.1.3.19,R04104
1746,2.6.1.13,R00667
1747,2.6.1.13,R00668
1748,6.3.4.16,R00149
1749,2.3.1.39,R01626
1750,6.2.1.16,R01357
1751,5.4.99.7,R03199
1752,3.1.4.50,R06623
1753,3.1.4.50,R04149
1754,3.1.4.50,R07398
1755,3.2.1.28,R00010
1756,3.2.1.28,R06103
1757,3.5.4.12,R01663
1758,3.2.1.50,R07816
1759,6.3.5.3,R04463
1760,6.1.1.3,R03663
1761,2.3.1.168,R02662
1762,2.3.1.168,R03174
1763,2.3.1.168,R04097
1764,2.3.1.168,R10998
1765,4.99.1.1,R00310
1766,4.99.1.9,R11329
1767,6.1.1.19,R03646
1768,3.6.1.11,R03042
1769,3.6.1.11,R03409
1770,1.4.3.4,R02173
1771,1.4.3.4,R02382
1772,1.4.3.4,R02529
1773,1.4.3.4,R02532
1774,1.4.3.4,R02613
1775,1.4.3.4,R02908
1776,1.4.3.4,R02919
1777,1.4.3.4,R04025
1778,1.4.3.4,R04300
1779,1.4.3.4,R04674
1780,1.4.3.4,R04890
1781,1.4.3.4,R04893
1782,1.4.3.4,R04894
1783,1.4.3.4,R08347
1784,1.4.3.4,R08348
1785,1.4.3.4,R04907
1786,1.4.3.4,R04908
1787,1.4.3.4,R08346
1788,1.6.5.5,R02364
1789,4.1.1.65,R02055
1790,6.1.1.7,R03038
1791,5.3.99.2,R02266
1792,3.5.1.26,R03421
1793,1.2.3.1,R01709
1794,1.2.3.1,R02125
1795,1.2.3.1,R02657
1796,1.2.3.1,R03871
1797,1.2.3.1,R04904
1798,1.2.3.1,R08349
1799,1.2.3.1,R08384
1800,1.2.3.1,R04085
1801,1.2.3.1,R08408
1802,3.3.2.6,R03057
1803,2.3.1.43,R02114
1804,4.2.1.47,R00888
1805,2.3.1.13,R00395
1806,2.3.1.71,R02452
1807,3.1.6.2,R03404
1808,3.1.6.2,R08941
1809,3.1.6.2,R08942
1810,2.3.1.78,R04466
1811,2.3.1.78,R07815
1812,2.1.1.28,R04033
1813,2.1.1.28,R02533
1814,1.2.1.88,R00245
1815,1.2.1.88,R00707
1816,1.2.1.88,R00708
1817,1.2.1.88,R04444
1818,1.2.1.88,R04445
1819,1.2.1.88,R05051
1820,3.4.13.20,R01992
1821,6.1.1.9,R03665
1822,2.1.1.63,R04314
1823,1.1.1.153,R02975
1824,1.1.1.153,R08208
1825,1.1.1.153,R01813
1826,1.1.1.153,R11762
1827,1.1.1.153,R11763
1828,6.3.4.5,R01954
1829,2.4.1.62,R04631
1830,2.4.1.62,R05941
1831,2.4.1.62,R05110
1832,2.4.1.62,R05111
1833,2.4.1.62,R05948
1834,2.4.1.62,R05953
1835,2.4.1.62,R05956
1836,2.7.4.8,R00332
1837,2.7.4.8,R02090
1838,6.3.5.2,R00256
1839,6.3.5.2,R01230
1840,6.3.5.2,R01231
1841,6.3.5.2,R08244
1842,1.1.1.14,R07145
1843,1.1.1.14,R00875
1844,1.1.1.14,R01896
1845,6.3.2.51,R04230
1846,2.4.1.143,R05985
1847,2.4.1.143,R04653
1848,2.4.1.143,R07258
1849,2.7.7.30,R01951
1850,2.1.2.10,R04125
1851,2.1.2.10,R01221
1852,2.1.2.10,R02300
1853,5.3.3.12,R03673
1854,4.4.1.1,R01001
1855,4.4.1.1,R08632
1856,4.4.1.1,R00782
1857,4.4.1.1,R02408
1858,4.4.1.1,R04770
1859,4.4.1.1,R04930
1860,4.4.1.1,R09366
1861,3.2.1.76,R07813
1862,3.2.1.76,R07822
1863,2.5.1.75,R01122
1864,1.13.11.19,R02467
1865,2.1.1.4,R03130
1866,2.1.1.4,R04905
1867,2.5.1.26,R04311
1868,3.1.6.4,R07806
1869,2.7.6.1,R01049
1870,1.5.1.20,R01224
1871,1.5.1.20,R07168
1872,1.4.3.5,R00277
1873,1.4.3.5,R00278
1874,1.4.3.5,R01710
1875,1.4.3.5,R01711
1876,1.1.1.62,R02352
1877,1.1.1.62,R02353
1878,1.1.1.62,R04681
1879,1.1.1.62,R04682
1880,1.1.1.62,R08945
1881,1.1.1.62,R08980
1882,1.14.19.44,R11059
1883,1.14.19.44,R11060
1884,1.14.19.44,R12169
1885,1.14.19.3,R03814
1886,1.14.19.3,R07933
1887,1.14.19.3,R07063
1888,1.14.19.3,R11110
1889,1.14.19.3,R11111
1890,1.14.19.3,R12167
1891,1.14.19.3,R12168
1892,1.14.19.3,R12170
1893,1.14.19.3,R12171
1894,1.14.19.3,R12172
1895,1.11.1.7,R00602
1896,1.11.1.7,R02596
1897,1.11.1.7,R03919
1898,1.11.1.7,R04007
1899,1.11.1.7,R07443
1900,2.1.1.8,R02155
1901,1.14.11.16,R04073
1902,3.6.1.29,R00187
1903,2.3.1.5,R02387
1904,2.3.1.5,R07940
1905,2.3.1.5,R08036
1906,2.3.1.5,R08248
1907,2.3.1.5,R08250
1908,2.3.1.5,R11902
1909,1.3.1.93,R10828
1910,1.3.1.93,R07761
1911,1.3.1.93,R09449
1912,2.4.2.4,R01570
1913,2.4.2.4,R01969
1914,2.4.2.4,R02484
1915,2.4.2.4,R02748
1916,2.4.2.4,R08222
1917,2.4.2.4,R08230
1918,4.4.1.17,R02480
1919,4.1.1.37,R03197
1920,4.1.1.37,R04972
1921,2.7.1.35,R00174
1922,2.7.1.35,R01909
1923,2.7.1.35,R02493
1924,3.6.1.28,R00618
1925,2.8.1.1,R01931
1926,2.8.1.2,R03105
1927,1.14.14.17,R02874
1928,3.7.1.3,R00987
1929,3.7.1.3,R02668
1930,3.7.1.3,R03936
1931,2.4.2.8,R01132
1932,2.4.2.8,R00190
1933,2.4.2.8,R01229
1934,2.4.2.8,R02142
1935,2.4.2.8,R08237
1936,2.4.2.8,R08238
1937,2.4.2.8,R08245
1938,6.4.1.2,R00742
1939,6.3.4.14,R04385
1940,2.1.3.15,R04386
1941,2.3.1.286,R10633
1942,2.1.1.355,R03875
1943,2.1.1.355,R04866
1944,2.1.1.355,R04867
1945,2.1.1.357,R03875
1946,2.1.1.357,R04866
1947,2.1.1.319,R11216
1948,2.1.1.319,R11217
1949,2.1.1.319,R11219
1950,2.3.1.20,R02694
1951,2.3.1.20,R09474
1952,2.3.1.76,R02367
1953,2.3.1.76,R08381
1954,1.14.99.29,R04437
1955,2.1.1.362,R04866
1956,2.1.1.356,R03875
1957,2.1.1.356,R04866
1958,2.1.1.356,R04867
1959,2.7.7.49,R00379
1960,2.3.1.1,R00259
1961,2.1.1.360,R03875
1962,2.1.1.360,R04866
1963,2.1.1.360,R04867
1964,2.7.1.22,R02324
1965,2.7.1.173,R03347
1966,3.1.3.29,R01805
1967,3.5.2.7,R02288
1968,4.1.1.90,R05144
1969,4.1.1.90,R09991
1970,1.14.99.38,R07218
1971,1.17.99.3,R07374
1972,1.17.99.3,R08735
1973,1.17.99.3,R08740
1974,3.1.2.4,R03352
1975,3.1.2.4,R03158
1976,3.1.2.4,R05064
1977,2.1.1.320,R11216
1978,2.1.1.320,R11218
1979,2.1.1.320,R11220
1980,2.1.1.321,R11216
1981,1.5.5.3,R03295
1982,1.1.1.184,R02581
1983,1.1.1.184,R02975
1984,1.1.1.184,R04285
1985,1.1.1.184,R09420
1986,1.1.1.189,R02581
1987,1.1.1.197,R04552
1988,2.7.1.14,R01844
1989,3.4.11.1,R00899
1990,3.4.11.1,R04951
1991,3.4.11.5,R00135
1992,2.7.8.5,R01801
1993,5.4.99.2,R00833
1994,1.1.1.40,R00216
1995,1.1.1.40,R00217
1996,2.3.1.24,R01496
1997,2.3.1.24,R02543
1998,2.3.1.24,R06517
1999,2.3.1.24,R06527
2000,5.4.2.4,R01662
2001,5.4.2.11,R01516
2002,5.4.2.11,R01518
2003,6.2.1.17,R00925
2004,6.2.1.17,R00926
2005,6.2.1.17,R01354
2006,6.2.1.2,R01176
2007,6.1.1.10,R03659
2008,6.1.1.10,R04773
2009,2.4.1.40,R04423
2010,2.4.1.40,R06167
2011,2.4.1.40,R06187
2012,2.4.1.40,R06191
2013,2.4.1.40,R06193
2014,2.4.1.40,R06197
2015,2.4.1.37,R06029
2016,2.4.1.37,R06168
2017,2.4.1.37,R06190
2018,3.2.1.108,R01678
2019,3.2.1.108,R06098
2020,3.2.1.62,R01498
2021,3.2.1.62,R03617
2022,4.6.1.2,R00434
2023,3.1.4.12,R02541
2024,3.1.2.27,R07296
2025,3.1.2.27,R03974
2026,2.7.7.80,R07459
2027,2.8.1.11,R07461
2028,3.2.1.45,R01498
2029,4.3.2.9,R03749
2030,4.3.2.9,R02743
2031,6.3.2.2,R00894
2032,6.3.2.2,R10993
2033,1.1.1.300,R08379
2034,3.1.1.64,R08388
2035,5.3.3.22,R12003
2036,1.4.3.22,R02150
2037,1.4.3.22,R01151
2038,1.4.3.22,R02173
2039,1.4.3.22,R03139
2040,1.4.3.22,R04674
2041,1.1.99.24,R03225
2042,3.4.11.2,R00899
2043,3.4.11.2,R04951
2044,3.1.1.98,R11202
2045,4.2.1.3,R01324
2046,4.2.1.3,R01325
2047,4.2.1.3,R01900
2048,1.1.2.4,R00197
2049,2.3.1.85,R05188
2050,2.3.1.85,R01624
2051,2.3.1.85,R01626
2052,2.3.1.85,R01706
2053,2.3.1.85,R04355
2054,2.3.1.85,R04428
2055,2.3.1.85,R04430
2056,2.3.1.85,R04533
2057,2.3.1.85,R04534
2058,2.3.1.85,R04535
2059,2.3.1.85,R04536
2060,2.3.1.85,R04537
2061,2.3.1.85,R04543
2062,2.3.1.85,R04544
2063,2.3.1.85,R04566
2064,2.3.1.85,R04568
2065,2.3.1.85,R04725
2066,2.3.1.85,R04726
2067,2.3.1.85,R04952
2068,2.3.1.85,R04953
2069,2.3.1.85,R04954
2070,2.3.1.85,R04956
2071,2.3.1.85,R04957
2072,2.3.1.85,R04959
2073,2.3.1.85,R04960
2074,2.3.1.85,R04962
2075,2.3.1.85,R04963
2076,2.3.1.85,R04964
2077,2.3.1.85,R04965
2078,2.3.1.85,R04967
2079,2.3.1.85,R04968
2080,2.3.1.85,R04970
2081,1.17.1.4,R02103
2082,1.17.1.4,R01768
2083,1.17.3.2,R02107
2084,1.17.3.2,R00069
2085,1.17.3.2,R01769
2086,1.17.3.2,R07942
2087,1.17.3.2,R07977
2088,1.17.3.2,R07978
2089,1.17.3.2,R07979
2090,1.17.3.2,R08235
2091,1.1.3.15,R00475
2092,1.14.11.68,R09510
2093,1.14.11.68,R12459
2094,1.14.11.68,R12460
2095,2.5.1.91,R09249
2096,4.2.1.152,R10761
2097,5.4.4.7,R10766
2098,1.14.11.67,R09510
2099,1.14.11.67,R09511
2100,1.14.11.67,R12460
2101,1.14.11.67,R12461
2102,2.1.2.3,R04560
2103,3.5.4.10,R01127
2104,2.3.1.65,R03718
2105,2.3.1.65,R03720
2106,2.3.1.65,R08744
2107,2.3.1.65,R08745
2108,1.2.1.84,R10104
2109,1.2.1.84,R09470
2110,5.3.3.8,R04100
2111,5.3.3.8,R04756
2112,1.14.13.39,R00111
2113,1.14.13.39,R00557
2114,1.14.13.39,R00558
2115,1.1.1.178,R04203
2116,2.7.1.2,R01600
2117,2.7.1.2,R01786
2118,2.6.1.19,R01648
2119,2.6.1.19,R00908
2120,2.6.1.22,R04188
2121,3.1.4.17,R00191
2122,3.1.4.17,R01234
2123,3.1.3.78,R08981
2124,2.7.1.106,R01660
2125,3.2.1.48,R00802
2126,3.2.1.48,R06088
2127,3.2.1.10,R00801
2128,3.2.1.10,R01718
2129,3.2.1.10,R01791
2130,3.2.1.10,R06080
2131,3.2.1.10,R06087
2132,3.2.1.10,R06199
2133,4.1.2.27,R02464
2134,4.1.2.27,R06516
2135,3.10.1.1,R01963
2136,3.10.1.1,R07814
2137,1.5.1.5,R01220
2138,3.5.4.9,R01655
2139,6.3.4.3,R00943
2140,1.5.1.15,R01218
2141,3.2.1.52,R00022
2142,3.2.1.52,R03492
2143,3.2.1.52,R04184
2144,3.2.1.52,R04586
2145,3.2.1.52,R05963
2146,3.2.1.52,R06001
2147,3.2.1.52,R06004
2148,3.2.1.52,R06141
2149,3.2.1.52,R07809
2150,3.2.1.52,R07810
2151,3.2.1.52,R09323
2152,3.2.1.52,R10831
2153,3.2.1.52,R11316
2154,3.2.1.52,R11317
2155,1.5.3.1,R00610
2156,1.5.3.7,R02204
2157,3.1.4.53,R00191
2158,3.2.1.23,R01100
2159,3.2.1.23,R01105
2160,3.2.1.23,R01678
2161,3.2.1.23,R03355
2162,3.2.1.23,R04633
2163,3.2.1.23,R04783
2164,3.2.1.23,R05112
2165,3.2.1.23,R05994
2166,3.2.1.23,R06010
2167,3.2.1.23,R06098
2168,3.2.1.23,R06099
2169,3.2.1.23,R06114
2170,3.2.1.23,R06144
2171,3.2.1.23,R06202
2172,3.2.1.23,R07807
2173,2.1.1.346,R11953
2174,1.14.99.66,R12462
2175,1.14.99.66,R12463
2176,1.14.99.66,R12464
2177,1.5.1.30,R05707
2178,1.5.1.30,R09520
2179,4.2.1.107,R04813
2180,4.2.1.107,R04809
2181,4.2.1.119,R07935
2182,4.2.1.119,R07951
2183,3.2.1.183,R00414
2184,2.7.1.60,R02705
2185,3.1.3.2,R00548
2186,3.1.3.2,R02135
2187,3.1.3.2,R03024
2188,3.1.3.2,R11527
2189,3.1.3.2,R01010
2190,3.5.1.1,R00485
2191,3.5.1.1,R06134
2192,3.1.4.43,R03331
2193,3.1.4.43,R03333
2194,2.7.7.52,R00443
2195,2.7.4.2,R03245
2196,1.3.1.22,R02208
2197,1.3.1.22,R02497
2198,1.3.1.22,R02892
2199,1.3.1.22,R07429
2200,1.3.1.22,R07447
2201,1.3.1.22,R08954
2202,1.3.1.22,R10242
2203,1.3.1.94,R12299
2204,6.3.5.5,R00256
2205,6.3.5.5,R00575
2206,6.3.5.5,R01395
2207,6.3.5.5,R10948
2208,6.3.5.5,R10949
2209,6.3.5.5,R07641
2210,2.1.3.2,R01397
2211,3.5.2.3,R01993
2212,1.4.3.2,R00357
2213,1.4.3.2,R00648
2214,1.4.3.2,R00677
2215,1.4.3.2,R00689
2216,1.4.3.2,R00729
2217,1.4.3.2,R02197
2218,1.4.3.2,R06124
2219,3.1.1.13,R01462
2220,1.14.11.65,R09510
2221,1.14.11.65,R09511
2222,1.14.11.65,R10056
2223,5.4.2.3,R08193
2224,2.7.7.14,R02038
2225,2.7.7.14,R04247
2226,2.4.1.50,R03380
2227,6.3.4.9,R04563
2228,6.3.4.9,R01074
2229,6.3.4.9,R05145
2230,6.3.4.10,R04582
2231,6.3.4.10,R01074
2232,6.3.4.10,R05145
2233,6.3.4.11,R04604
2234,6.3.4.11,R01074
2235,6.3.4.11,R05145
2236,6.3.4.15,R04562
2237,6.3.4.15,R01074
2238,6.3.4.15,R05145
2239,4.1.1.21,R04209
2240,6.3.2.6,R04591
2241,6.3.4.13,R04144
2242,2.1.2.2,R04325
2243,2.1.2.2,R04326
2244,6.3.3.1,R04208
2245,2.5.1.87,R05556
2246,2.7.1.149,R05803
2247,5.1.1.18,R00589
2248,1.3.5.2,R01868
2249,4.1.1.45,R04323
2250,1.1.1.38,R00214
2251,1.1.1.38,R00217
2252,2.8.2.14,R03987
2253,2.8.2.14,R07287
2254,2.8.2.14,R08977
2255,2.8.2.14,R08978
2256,2.8.2.14,R09444
2257,3.1.1.3,R02250
2258,3.1.1.3,R02687
2259,3.1.1.3,R02688
2260,3.1.1.3,R05209
2261,3.2.1.20,R00028
2262,3.2.1.20,R00801
2263,3.2.1.20,R00802
2264,3.2.1.20,R06084
2265,3.2.1.20,R06087
2266,3.2.1.20,R06088
2267,3.2.1.3,R01790
2268,3.2.1.3,R01791
2269,3.2.1.3,R06199
2270,1.5.3.16,R09076
2271,1.1.1.181,R08721
2272,1.1.1.181,R08723
2273,1.1.1.181,R08724
2274,1.1.1.181,R08728
2275,1.1.1.181,R04264
2276,1.1.1.270,R05691
2277,1.1.1.270,R07495
2278,1.1.1.270,R12399
2279,1.1.1.270,R12400
2280,1.1.1.270,R12401
2281,1.1.1.270,R12405
2282,1.1.1.270,R04328
2283,3.6.1.59,R04368
2284,1.1.1.239,R01836
2285,1.1.1.105,R02124
2286,1.3.1.20,R00814
2287,1.3.1.20,R07015
2288,1.3.1.20,R09420
2289,1.1.1.179,R01430
2290,1.6.3.1,R07171
2291,1.6.3.1,R07172
2292,1.1.1.145,R03176
2293,1.1.1.145,R01837
2294,1.1.1.145,R02216
2295,1.1.1.145,R02499
2296,1.1.1.145,R02840
2297,1.1.1.145,R03327
2298,1.1.1.145,R04163
2299,1.1.1.145,R04678
2300,1.1.1.145,R04849
2301,1.1.1.145,R09920
2302,5.3.3.1,R09955
2303,5.3.3.1,R01837
2304,5.3.3.1,R02216
2305,5.3.3.1,R02499
2306,5.3.3.1,R02840
2307,5.3.3.1,R03327
2308,5.3.3.1,R04163
2309,5.3.3.1,R04678
2310,5.3.3.1,R04849
2311,5.3.3.1,R09920
2312,3.1.1.47,R04452
2313,1.3.1.74,R07349
2314,1.3.1.74,R07350
2315,1.3.1.48,R04556
2316,1.3.1.48,R04557
2317,4.1.1.97,R06604
2318,4.2.1.109,R07392
2319,2.6.1.44,R00369
2320,2.6.1.44,R00372
2321,2.6.1.44,R10992
2322,2.6.1.40,R02050
2323,3.6.1.62,R10815
2324,2.3.1.23,R01318
2325,2.3.1.23,R03438
2326,2.3.1.23,R04480
2327,2.3.1.67,R03437
2328,3.6.1.58,R09877
2329,2.7.7.96,R11553
2330,2.1.2.5,R02287
2331,2.1.2.5,R03189
2332,4.3.1.4,R02302
2333,1.1.1.211,R04737
2334,1.1.1.211,R04739
2335,1.1.1.211,R04741
2336,1.1.1.211,R04743
2337,1.1.1.211,R04745
2338,1.1.1.211,R04748
2339,1.1.1.211,R07890
2340,1.1.1.211,R07894
2341,1.1.1.211,R07898
2342,2.7.7.1,R00137
2343,2.7.7.1,R03005
2344,2.7.7.18,R03005
2345,2.7.7.18,R00137
2346,1.16.3.1,R00078
2347,2.7.4.14,R00158
2348,2.7.4.14,R00512
2349,2.7.4.14,R01665
2350,2.7.4.14,R11891
2351,2.7.4.14,R11892
2352,3.6.1.16,R00855
2353,3.6.1.53,R01054
2354,3.6.1.53,R09538
2355,2.3.1.51,R02760
2356,2.3.1.51,R09381
2357,3.1.1.2,R01241
2358,3.1.1.2,R06893
2359,3.1.8.1,R05548
2360,3.1.8.1,R05421
2361,1.14.15.4,R02725
2362,1.14.15.4,R02218
2363,1.14.15.4,R02843
2364,1.14.15.4,R03262
2365,1.14.15.4,R03263
2366,1.14.15.4,R03329
2367,1.14.15.4,R03851
2368,1.14.15.4,R04850
2369,1.14.15.4,R08949
2370,1.14.15.5,R03262
2371,1.14.15.5,R03263
2372,2.4.99.18,R05976
2373,2.6.1.45,R00588
2374,2.6.1.51,R00585
2375,2.5.1.56,R01804
2376,2.5.1.56,R04435
2377,2.5.1.57,R04435
2378,2.5.1.132,R11439
2379,1.8.3.7,R11878
2380,1.1.1.45,R02640
2381,3.1.3.32,R02248
2382,2.7.1.78,R03840
2383,2.4.2.10,R01870
2384,2.4.2.10,R08231
2385,4.1.1.23,R00965
2386,1.4.4.2,R03425
2387,1.4.4.2,R01221
2388,1.13.11.53,R07363
2389,1.13.11.54,R07364
2390,2.7.2.11,R00239
2391,1.2.1.41,R03313
2392,1.1.1.1,R00754
2393,1.1.1.1,R02124
2394,1.1.1.1,R02878
2395,1.1.1.1,R04805
2396,1.1.1.1,R04880
2397,1.1.1.1,R05233
2398,1.1.1.1,R05234
2399,1.1.1.1,R06917
2400,1.1.1.1,R06927
2401,1.1.1.1,R08281
2402,1.1.1.1,R08306
2403,1.1.1.1,R08557
2404,1.1.1.1,R08558
2405,1.1.1.1,R10783
2406,1.1.1.1,R08310
2407,1.1.1.1,R07105
2408,4.1.3.16,R00471
2409,4.1.3.16,R10283
2410,1.1.1.47,R01520
2411,1.1.1.47,R01521
2412,1.6.1.2,R00112
2413,1.1.1.284,R06983
2414,1.1.1.284,R07140
2415,6.4.1.1,R00344
2416,2.7.7.4,R00529
2417,2.7.7.4,R04929
2418,2.7.1.25,R00509
2419,2.7.1.25,R04928
2420,2.7.7.13,R00885
2421,2.4.1.90,R01205
2422,2.4.1.90,R06055
2423,2.4.1.38,R05989
2424,2.4.1.275,R05977
2425,2.4.1.275,R09755
2426,2.7.7.3,R03035
2427,2.7.1.24,R00130
2428,1.1.1.263,R05682
2429,2.7.7.50,R03828
2430,3.1.1.93,R10134
2431,2.4.1.66,R04491
2432,3.5.1.3,R00269
2433,3.5.1.3,R00348
2434,3.5.1.3,R06134
2435,2.7.8.1,R02057
2436,2.7.8.1,R04920
2437,2.7.8.1,R06364
2438,2.7.8.1,R07384
2439,1.2.1.31,R02317
2440,1.2.1.31,R03102
2441,1.2.1.31,R03103
2442,1.2.1.31,R11231
2443,1.2.1.31,R11232
2444,1.2.1.8,R02565
2445,1.2.1.8,R02566
2446,4.2.3.2,R00748
2447,2.7.7.84,R10909
2448,2.7.7.84,R10910
2449,2.7.1.32,R01021
2450,2.6.1.7,R01956
2451,2.6.1.7,R04171
2452,2.6.1.39,R01939
2453,3.6.1.9,R00087
2454,3.6.1.9,R00515
2455,3.6.1.9,R00662
2456,3.6.1.9,R11323
2457,3.6.1.9,R00103
2458,3.6.1.9,R00160
2459,3.6.1.9,R00287
2460,3.6.1.9,R03004
2461,3.6.1.9,R03036
2462,3.1.2.12,R00527
2463,2.7.1.108,R01018
2464,2.4.1.201,R05992
2465,2.4.1.201,R04642
2466,2.7.1.150,R05802
2467,2.7.1.150,R10951
2468,2.1.1.183,R10716
2469,2.7.1.159,R03428
2470,2.7.1.159,R03429
2471,2.7.1.134,R03479
2472,1.1.1.146,R02836
2473,1.1.1.146,R03848
2474,1.1.1.146,R04758
2475,1.1.1.146,R04840
2476,1.1.1.146,R09420
2477,5.3.1.23,R04420
2478,1.11.1.12,R03167
2479,4.4.1.13,R01286
2480,4.4.1.13,R02408
2481,4.4.1.13,R02953
2482,4.4.1.13,R03528
2483,4.4.1.13,R00782
2484,4.4.1.13,R04941
2485,4.4.1.13,R09366
2486,2.6.1.64,R01375
2487,2.3.1.22,R03838
2488,2.3.1.22,R03755
2489,2.3.1.22,R03756
2490,2.6.1.1,R00355
2491,2.6.1.1,R00694
2492,2.6.1.1,R00734
2493,2.6.1.1,R00895
2494,2.6.1.1,R00896
2495,2.6.1.1,R02433
2496,2.6.1.1,R02619
2497,2.6.1.1,R05052
2498,1.5.1.8,R00716
2499,1.5.1.9,R02313
2500,2.1.1.287,R10497
2501,3.5.1.121,R11559
2502,6.3.4.21,R01724
2503,1.16.1.6,R02999
2504,5.4.2.7,R01057
2505,5.4.2.7,R02749
2506,1.2.1.47,R03283
2507,2.8.1.12,R09395
2508,3.6.1.15,R00086
2509,3.6.1.15,R00615
2510,3.1.3.46,R02731
2511,2.1.1.296,R10812
2512,2.1.1.57,R03922
2513,6.3.2.11,R01164
2514,6.3.2.11,R00910
2515,6.3.2.11,R00912
2516,6.3.2.11,R01991
2517,6.3.2.11,R03286
2518,3.5.1.14,R00669
2519,3.5.1.14,R10553
2520,3.5.4.34,R10231
2521,2.1.1.203,R00595
2522,3.4.13.18,R01166
2523,3.4.13.18,R01992
2524,2.1.1.35,R00594
2525,4.1.3.44,R10552
2526,2.1.1.282,R10498
2527,2.7.1.105,R02732
2528,3.1.1.17,R01519
2529,3.1.1.17,R02933
2530,3.1.1.17,R03751
2531,3.1.1.17,R04785
2532,2.1.1.228,R00597
2533,2.5.1.114,R10611
2534,2.3.1.225,R10484
2535,3.1.3.64,R03363
2536,3.1.3.64,R03330
2537,3.1.3.64,R06875
2538,3.1.3.95,R10928
2539,1.14.16.5,R04044
2540,5.2.1.2,R03181
2541,5.2.1.2,R03868
2542,2.7.7.78,R09752
2543,1.1.1.79,R00465
2544,1.1.1.79,R01392
2545,1.1.1.79,R02527
2546,1.1.1.81,R01388
2547,1.1.1.81,R01392
2548,2.1.1.290,R10586
2549,2.3.1.231,R10587
2550,3.5.1.99,R09536
2551,3.5.1.99,R09537
2552,1.8.4.12,R07607
2553,2.8.1.9,R11583
2554,3.2.1.169,R09672
2555,3.2.1.169,R09673
2556,1.11.1.20,R09506
2557,2.10.1.1,R09735
2558,2.7.7.75,R09726
2559,2.1.1.204,R00595
2560,1.13.11.18,R08678
2561,1.13.11.18,R11946
2562,1.13.11.18,R11947
2563,2.8.4.5,R10649
2564,2.8.4.5,R10650
2565,2.8.4.5,R10651
2566,3.7.1.5,R01085
2567,3.1.1.32,R01316
2568,3.1.1.32,R02054
2569,3.1.1.32,R04034
2570,3.1.1.32,R07860
2571,1.1.1.330,R10826
2572,1.1.1.330,R07759
2573,3.6.1.12,R01668
2574,3.6.1.12,R01667
2575,1.1.1.51,R01836
2576,1.1.1.51,R01838
2577,1.1.1.51,R02352
2578,1.1.1.51,R02353
2579,1.1.1.51,R03406
2580,1.1.1.51,R03407
2581,1.1.1.51,R09956
2582,1.1.1.51,R09957
2583,1.1.1.188,R02684
2584,1.1.1.188,R02799
2585,1.1.1.213,R02476
2586,1.1.1.213,R02477
2587,1.1.1.213,R08955
2588,1.1.1.213,R08957
2589,1.1.1.213,R08960
2590,1.1.1.213,R11763
2591,1.1.1.357,R10422
2592,1.1.1.357,R10423
2593,2.7.1.81,R03378
2594,3.6.1.64,R00961
2595,3.6.1.64,R10235
2596,1.21.1.1,R09521
2597,1.21.1.1,R09522
2598,1.21.1.1,R10059
2599,1.8.3.4,R01851
2600,1.8.1.8,R03913
2601,1.8.1.8,R03914
2602,5.4.2.8,R01818
2603,6.3.5.6,R04212
2604,6.3.5.7,R03905
2605,2.7.1.183,R11400
2606,2.7.1.183,R12293
2607,3.1.3.96,R11180
2608,4.2.1.68,R03688
2609,3.6.1.55,R09832
2610,4.2.1.93,R00129
2611,4.2.1.93,R10288
2612,3.1.1.97,R11166
2613,1.14.14.51,R02468
2614,1.14.14.52,R02470
2615,1.14.14.53,R06119
2616,1.14.14.75,R12071
2617,4.1.1.6,R02243
2618,1.14.14.78,R10728
2619,1.14.14.94,R03866
2620,2.7.7.86,R10462
2621,2.5.1.108,R10455
2622,3.6.1.56,R09833
2623,5.1.99.6,R10280
2624,5.1.99.6,R10281
2625,2.4.1.312,R10596
2626,2.4.1.312,R11407
2627,1.6.3.5,R11504
2628,1.6.3.5,R11505
2629,1.6.3.5,R10635
2630,1.6.3.5,R10636
2631,1.14.17.3,R03912
2632,4.3.2.5,R03874
2633,4.2.3.134,R10270
2634,6.3.1.14,R03613
2635,1.14.19.53,R11952
2636,4.3.1.17,R00220
2637,4.3.1.17,R00590
2638,4.3.1.17,R11099
2639,4.3.1.17,R11100
2640,4.3.1.17,R06131
2641,4.3.1.19,R00996
2642,4.3.1.19,R11098
2643,4.3.1.19,R11101
2644,4.3.1.19,R00220
2645,4.3.1.19,R06131
2646,1.14.13.32,R03712
2647,1.14.14.55,R05727
2648,1.14.14.56,R10076
2649,1.14.14.57,R07205
2650,1.14.14.57,R07206
2651,1.14.14.73,R12068
2652,1.14.14.73,R12069
2653,6.3.2.3,R00497
2654,6.3.2.3,R10994
2655,1.14.11.42,R10522
2656,1.5.1.25,R04339
2657,1.5.1.25,R04340
2658,2.3.1.108,R04192
2659,5.1.3.29,R10764
2660,4.1.1.94,R09958
2661,2.3.1.17,R00487
2662,6.3.1.17,R10677
2663,6.3.2.41,R10678
2664,6.3.2.42,R10679
2665,6.3.2.42,R10678
2666,6.3.2.42,R10693
2667,4.2.1.77,R04374
2668,1.4.1.21,R07164
2669,1.4.1.21,R07165
2670,1.4.1.21,R07407
2671,1.4.1.21,R07410
2672,1.8.5.8,R11929
2673,3.5.1.114,R10553
2674,3.5.1.114,R10621
2675,2.7.7.43,R01117
2676,2.7.7.43,R04215
2677,2.7.7.92,R11441
2678,3.4.19.14,R09875
2679,3.3.2.2,R02745
2680,3.3.2.2,R03415
2681,3.1.4.2,R01030
2682,3.1.4.2,R01470
2683,2.1.1.297,R10806
2684,2.7.1.157,R08967
2685,2.8.3.13,R02084
2686,1.18.1.6,R10159
2687,2.3.1.80,R04950
2688,2.1.1.60,R04062
2689,2.1.1.60,R03875
2690,2.1.1.60,R04866
2691,2.1.1.60,R04867
2692,4.1.1.11,R00489
2693,2.7.1.12,R01737
2694,3.1.4.44,R01193
2695,1.14.11.63,R12315
2696,2.1.1.85,R02627
2697,3.1.3.18,R01334
2698,2.7.1.140,R03478
2699,2.7.1.151,R05800
2700,2.7.1.151,R05801
2701,2.7.1.151,R10065
2702,2.7.1.151,R10953
2703,1.14.18.6,R11001
2704,2.1.1.22,R02144
2705,1.8.3.1,R00533
2706,2.1.1.10,R11063
2707,2.1.1.10,R00650
2708,1.1.1.50,R02476
2709,1.1.1.50,R04309
2710,1.1.1.50,R04818
2711,1.1.1.50,R04824
2712,1.1.1.50,R04829
2713,1.1.1.50,R04832
2714,1.1.1.50,R04835
2715,1.1.1.50,R04837
2716,1.1.1.50,R04842
2717,1.1.1.50,R04845
2718,1.1.1.50,R02477
2719,1.1.1.50,R04310
2720,1.1.1.50,R04819
2721,1.1.1.50,R04825
2722,1.1.1.50,R04830
2723,1.1.1.50,R04833
2724,1.1.1.50,R04836
2725,1.1.1.50,R04838
2726,1.1.1.50,R04843
2727,1.1.1.50,R04846
2728,1.1.1.50,R08963
2729,1.1.1.225,R03716
2730,1.1.1.149,R03325
2731,1.1.1.149,R02207
2732,1.1.1.149,R02209
2733,1.1.1.149,R08958
2734,1.1.1.149,R08959
2735,1.14.14.80,R07041
2736,1.14.14.80,R09451
2737,1.14.14.80,R09452
2738,1.14.14.80,R01348
2739,1.14.14.80,R07046
2740,1.14.13.225,R11425
2741,2.4.1.87,R04531
2742,2.4.1.87,R05978
2743,2.4.1.87,R06145
2744,2.4.1.87,R06169
2745,2.4.1.87,R11320
2746,2.7.1.165,R08572
2747,2.4.2.61,R12244
2748,4.1.99.22,R09394
2749,4.6.1.17,R11372
2750,2.7.7.40,R02921
2751,3.1.7.2,R00336
2752,3.5.1.122,R11560
2753,1.1.99.39,R10575
2754,3.1.3.81,R09644
2755,3.1.3.81,R02239
2756,3.1.1.106,R12390
2757,3.1.1.106,R12391
2758,1.14.14.74,R12070
2759,3.2.1.107,R04503
2760,2.1.1.34,R02917
2761,1.8.1.9,R02016
2762,1.8.1.9,R00900
2763,1.8.1.9,R03596
2764,1.8.1.9,R09372
2765,2.3.1.45,R01807
2766,2.3.1.45,R01808
2767,3.5.99.10,R11098
2768,3.5.99.10,R11099
2769,4.2.1.48,R01583
2770,2.1.1.286,R10497
2771,3.5.1.128,R12024
2772,2.3.1.68,R00577
2773,1.2.1.32,R03889
2774,2.3.1.291,R01496
2775,2.3.1.291,R06517
2776,3.2.1.209,R12477
2777,2.3.1.181,R12427
2778,2.3.1.181,R12428
2779,2.3.1.181,R07769
