,enzyme,gene_symbol
0,2.7.11.1,AKT3
1,2.7.11.1,SBK3
2,2.7.11.1,FPGT-TNNI3K
3,2.7.11.1,C8orf44-SGK3
4,2.7.11.1,SGK2
5,2.7.11.1,HIPK3
6,2.7.11.1,TNK2
7,2.7.11.1,SIK1B
8,2.7.11.1,TPTEP2-CSNK1E
9,2.7.11.1,SPEG
10,2.7.11.1,PAK4
11,2.7.11.1,STK25
12,2.7.11.1,ERN2
13,2.7.11.1,BUB1B-PAK6
14,2.7.11.1,NEK6
15,2.7.11.1,TLK2
16,2.7.11.1,RIPK3
17,2.7.11.1,PIM2
18,2.7.11.1,CHEK1
19,2.7.11.1,CIT
20,2.7.11.1,MAP4K5
21,2.7.11.1,MAP4K1
22,2.7.11.1,CHEK2
23,2.7.11.1,IRAK3
24,2.7.11.1,TP53RK
25,2.7.11.1,STK38
26,2.7.11.1,LRRK2
27,2.7.11.1,CSNK1A1L
28,2.7.11.1,RSKR
29,2.7.11.1,UHMK1
30,2.7.11.1,TAF1L
31,2.7.11.1,MYO3B
32,2.7.11.1,NEK7
33,2.7.11.1,TRPM6
34,2.7.11.1,STK35
35,2.7.11.1,CSNK1A1
36,2.7.11.1,CSNK1D
37,2.7.11.1,CSNK1E
38,2.7.11.1,CSNK1G2
39,2.7.11.1,CSNK1G3
40,2.7.11.1,CSNK2A1
41,2.7.11.1,CSNK2A2
42,2.7.11.1,HIPK4
43,2.7.11.1,PDIK1L
44,2.7.11.1,SIK1
45,2.7.11.1,NEK10
46,2.7.11.1,DAPK1
47,2.7.11.1,DAPK3
48,2.7.11.1,DCLK2
49,2.7.11.1,NIM1K
50,2.7.11.1,DMPK
51,2.7.11.1,MLKL
52,2.7.11.1,MARK2
53,2.7.11.1,STK32A
54,2.7.11.1,NRK
55,2.7.11.1,HIPK1
56,2.7.11.1,AKT1
57,2.7.11.1,AKT2
58,2.7.11.1,ERN1
59,2.7.11.1,AAK1
60,2.7.11.1,MAST1
61,2.7.11.1,STK38L
62,2.7.11.1,MAST3
63,2.7.11.1,TNIK
64,2.7.11.1,SMG1
65,2.7.11.1,MAST2
66,2.7.11.1,PASK
67,2.7.11.1,SIK2
68,2.7.11.1,SIK3
69,2.7.11.1,DAPK2
70,2.7.11.1,TSSK2
71,2.7.11.1,SGK3
72,2.7.11.1,MTOR
73,2.7.11.1,ANKK1
74,2.7.11.1,GAK
75,2.7.11.1,ULK3
76,2.7.11.1,LATS2
77,2.7.11.1,SRPK3
78,2.7.11.1,EIF2AK1
79,2.7.11.1,STK36
80,2.7.11.1,RPS6KA6
81,2.7.11.1,STK39
82,2.7.11.1,STK32C
83,2.7.11.1,CSNK2A3
84,2.7.11.1,KSR2
85,2.7.11.1,TSSK4
86,2.7.11.1,NEK8
87,2.7.11.1,MKNK2
88,2.7.11.1,HIPK2
89,2.7.11.1,HUNK
90,2.7.11.1,PIK3R4
91,2.7.11.1,NEK5
92,2.7.11.1,ILK
93,2.7.11.1,IRAK1
94,2.7.11.1,IRAK2
95,2.7.11.1,ARAF
96,2.7.11.1,MAST4
97,2.7.11.1,SBK1
98,2.7.11.1,LIMK1
99,2.7.11.1,LIMK2
100,2.7.11.1,MARK1
101,2.7.11.1,MARK3
102,2.7.11.1,PIM3
103,2.7.11.1,CIITA
104,2.7.11.1,MOS
105,2.7.11.1,EIF2AK4
106,2.7.11.1,ATM
107,2.7.11.1,NEK1
108,2.7.11.1,NEK2
109,2.7.11.1,NEK3
110,2.7.11.1,WEE2
111,2.7.11.1,MINK1
112,2.7.11.1,PAK1
113,2.7.11.1,PAK2
114,2.7.11.1,PAK3
115,2.7.11.1,TNNI3K
116,2.7.11.1,IRAK4
117,2.7.11.1,VRK3
118,2.7.11.1,TAOK3
119,2.7.11.1,PDPK1
120,2.7.11.1,STK26
121,2.7.11.1,PIM1
122,2.7.11.1,MYO3A
123,2.7.11.1,CSNK1G1
124,2.7.11.1,RIPK4
125,2.7.11.1,ATR
126,2.7.11.1,TRPM7
127,2.7.11.1,SNRK
128,2.7.11.1,ULK4
129,2.7.11.1,STK32B
130,2.7.11.1,CDC42BPG
131,2.7.11.1,BMP2K
132,2.7.11.1,RIOK2
133,2.7.11.1,PRKDC
134,2.7.11.1,EIF2AK2
135,2.7.11.1,STK31
136,2.7.11.1,PSKH1
137,2.7.11.1,PAK6
138,2.7.11.1,FAM20C
139,2.7.11.1,PAK5
140,2.7.11.1,TAOK1
141,2.7.11.1,MARK4
142,2.7.11.1,MAP4K2
143,2.7.11.1,RAF1
144,2.7.11.1,ROCK1
145,2.7.11.1,BCR
146,2.7.11.1,RPS6KA1
147,2.7.11.1,RPS6KA2
148,2.7.11.1,RPS6KA3
149,2.7.11.1,RPS6KB1
150,2.7.11.1,RPS6KB2
151,2.7.11.1,SGK1
152,2.7.11.1,SBK2
153,2.7.11.1,PINK1
154,2.7.11.1,WNK1
155,2.7.11.1,WNK4
156,2.7.11.1,WNK3
157,2.7.11.1,WNK2
158,2.7.11.1,STK33
159,2.7.11.1,BRAF
160,2.7.11.1,SRPK1
161,2.7.11.1,SRPK2
162,2.7.11.1,NEK4
163,2.7.11.1,AURKA
164,2.7.11.1,STK10
165,2.7.11.1,STK11
166,2.7.11.1,AURKC
167,2.7.11.1,TAF1
168,2.7.11.1,BUB1
169,2.7.11.1,BUB1B
170,2.7.11.1,TRIO
171,2.7.11.1,TTN
172,2.7.11.1,VRK1
173,2.7.11.1,VRK2
174,2.7.11.1,WEE1
175,2.7.11.1,MAPKAPK3
176,2.7.11.1,LRRK1
177,2.7.11.1,NEK11
178,2.7.11.1,TSSK3
179,2.7.11.1,NUAK2
180,2.7.11.1,CDC7
181,2.7.11.1,RIOK1
182,2.7.11.1,HASPIN
183,2.7.11.1,STK40
184,2.7.11.1,TSSK1B
185,2.7.11.1,TSSK6
186,2.7.11.1,OBSCN
187,2.7.11.1,ULK1
188,2.7.11.1,STK24
189,2.7.11.1,BRSK1
190,2.7.11.1,CDC42BPA
191,2.7.11.1,MAP4K3
192,2.7.11.1,MASTL
193,2.7.11.1,DCLK3
194,2.7.11.1,PSKH2
195,2.7.11.1,MAPKAPK5
196,2.7.11.1,MKNK1
197,2.7.11.1,CASK
198,2.7.11.1,STK16
199,2.7.11.1,RIPK1
200,2.7.11.1,RIPK2
201,2.7.11.1,RIOK3
202,2.7.11.1,STK19
203,2.7.11.1,PRPF4B
204,2.7.11.1,RPS6KA4
205,2.7.11.1,KALRN
206,2.7.11.1,BRSK2
207,2.7.11.1,PKMYT1
208,2.7.11.1,LATS1
209,2.7.11.1,NEK9
210,2.7.11.1,DCLK1
211,2.7.11.1,AURKB
212,2.7.11.1,RPS6KA5
213,2.7.11.1,MAPKAPK2
214,2.7.11.1,STK17B
215,2.7.11.1,STK17A
216,2.7.11.1,TAOK2
217,2.7.11.1,MAP4K4
218,2.7.11.1,EIF2AK3
219,2.7.11.1,ROCK2
220,2.7.11.1,CDC42BPB
221,2.7.11.1,ULK2
222,2.7.11.1,DCAF1
223,2.7.11.1,SLK
224,2.7.11.1,MELK
225,2.7.11.1,TLK1
226,2.7.11.1,NUAK1
227,2.7.11.1,OXSR1
228,2.7.11.24,MAPK14
229,2.7.11.24,MAPK15
230,2.7.11.24,NLK
231,2.7.11.24,MAPK1
232,2.7.11.24,MAPK3
233,2.7.11.24,MAPK4
234,2.7.11.24,MAPK6
235,2.7.11.24,MAPK7
236,2.7.11.24,MAPK8
237,2.7.11.24,MAPK11
238,2.7.11.24,MAPK9
239,2.7.11.24,MAPK10
240,2.7.11.24,MAPK13
241,2.7.11.24,MAPK12
242,2.7.12.2,PBK
243,2.7.12.2,MAP2K1
244,2.7.12.2,MAP2K2
245,2.7.12.2,MAP2K3
246,2.7.12.2,MAP2K5
247,2.7.12.2,MAP2K6
248,2.7.12.2,MAP2K7
249,2.7.12.2,MAP2K4
250,2.7.11.25,MAP3K2
251,2.7.11.25,MAP3K8
252,2.7.11.25,MAP3K15
253,2.7.11.25,MAP3K1
254,2.7.11.25,MAP3K3
255,2.7.11.25,MAP3K4
256,2.7.11.25,MAP3K5
257,2.7.11.25,MAP3K9
258,2.7.11.25,MAP3K10
259,2.7.11.25,MAP3K11
260,2.7.11.25,MAP3K20
261,2.7.11.25,MAP3K7
262,2.7.11.25,MAP3K12
263,2.7.11.25,MAP3K19
264,2.7.11.25,MAP3K21
265,2.7.11.25,MAP3K14
266,2.7.11.25,MAP3K6
267,2.7.11.25,MAP3K13
268,2.3.1.250,PORCN
269,2.3.2.23,UBE2E3
270,2.3.2.23,UBE2C
271,2.3.2.23,UBE2J2
272,2.3.2.23,UBE2QL1
273,2.3.2.23,UBE2F
274,2.3.2.23,UBE2U
275,2.3.2.23,UBE2S
276,2.3.2.23,UBE2T
277,2.3.2.23,UBE2K
278,2.3.2.23,UBE2NL
279,2.3.2.23,UBE2J1
280,2.3.2.23,UBE2D4
281,2.3.2.23,UBE2R2
282,2.3.2.23,UBE2Q1
283,2.3.2.23,BIRC6
284,2.3.2.23,UBE2Z
285,2.3.2.23,UBE2A
286,2.3.2.23,UBE2B
287,2.3.2.23,UBE2D1
288,2.3.2.23,UBE2D2
289,2.3.2.23,UBE2D3
290,2.3.2.23,UBE2E1
291,2.3.2.23,UBE2E2
292,2.3.2.23,UBE2G1
293,2.3.2.23,UBE2G2
294,2.3.2.23,UBE2H
295,2.3.2.23,UBE2L3
296,2.3.2.23,UBE2N
297,2.3.2.23,UBE2L6
298,2.3.2.23,UBE2Q2
299,2.3.2.23,CDC34
300,7.2.2.10,ATP2C1
301,7.2.2.10,ATP2A1
302,7.2.2.10,ATP2A2
303,7.2.2.10,ATP2A3
304,7.2.2.10,ATP2B1
305,7.2.2.10,ATP2B2
306,7.2.2.10,ATP2B3
307,7.2.2.10,ATP2B4
308,7.2.2.10,ATP2C2
309,2.7.11.13,PRKD3
310,2.7.11.13,PRKD2
311,2.7.11.13,PKN3
312,2.7.11.13,PRKCA
313,2.7.11.13,PRKCB
314,2.7.11.13,PRKCD
315,2.7.11.13,PRKCE
316,2.7.11.13,PRKCG
317,2.7.11.13,PRKCH
318,2.7.11.13,PRKCI
319,2.7.11.13,PKN1
320,2.7.11.13,PKN2
321,2.7.11.13,PRKD1
322,2.7.11.13,PRKCQ
323,2.7.11.13,PRKCZ
324,2.4.1.41,POC1B-GALNT4
325,2.4.1.41,GALNT6
326,2.4.1.41,GALNT5
327,2.4.1.41,GALNT13
328,2.4.1.41,GALNT15
329,2.4.1.41,GALNTL5
330,2.4.1.41,GALNT1
331,2.4.1.41,GALNT2
332,2.4.1.41,GALNT3
333,2.4.1.41,GALNT8
334,2.4.1.41,GALNT18
335,2.4.1.41,GALNTL6
336,2.4.1.41,GALNT9
337,2.4.1.41,GALNT7
338,2.4.1.41,GALNT10
339,2.4.1.41,GALNT16
340,2.4.1.41,GALNT11
341,2.4.1.41,GALNT17
342,2.4.1.41,GALNT14
343,2.4.1.41,GALNT12
344,2.4.1.41,GALNT4
345,2.4.2.12,NAMPT
346,3.1.3.16,PPP5D1
347,3.1.3.16,CTDSP2
348,3.1.3.16,CTDSPL
349,3.1.3.16,CDKN3
350,3.1.3.16,DUSP14
351,3.1.3.16,DUSP10
352,3.1.3.16,DUSP12
353,3.1.3.16,PTPMT1
354,3.1.3.16,DUSP15
355,3.1.3.16,PPM1M
356,3.1.3.16,UBLCP1
357,3.1.3.16,DUSP19
358,3.1.3.16,PPM1N
359,3.1.3.16,DUSP18
360,3.1.3.16,PPM1L
361,3.1.3.16,PPM1K
362,3.1.3.16,PPTC7
363,3.1.3.16,DUSP1
364,3.1.3.16,DUSP2
365,3.1.3.16,DUSP3
366,3.1.3.16,DUSP4
367,3.1.3.16,DUSP5
368,3.1.3.16,DUSP6
369,3.1.3.16,DUSP7
370,3.1.3.16,DUSP8
371,3.1.3.16,DUSP9
372,3.1.3.16,PGAM5
373,3.1.3.16,PPM1E
374,3.1.3.16,PHLPP2
375,3.1.3.16,PHLPP1
376,3.1.3.16,CTDNEP1
377,3.1.3.16,DUSP28
378,3.1.3.16,SSU72
379,3.1.3.16,PPM1J
380,3.1.3.16,DUPD1
381,3.1.3.16,DUSP13
382,3.1.3.16,SSH1
383,3.1.3.16,PPEF2
384,3.1.3.16,PPEF1
385,3.1.3.16,DUSP23
386,3.1.3.16,PPM1A
387,3.1.3.16,PPM1B
388,3.1.3.16,PPM1G
389,3.1.3.16,SSH3
390,3.1.3.16,PPP1CA
391,3.1.3.16,PPP1CB
392,3.1.3.16,PPP1CC
393,3.1.3.16,PPP2CA
394,3.1.3.16,PPP2CB
395,3.1.3.16,PPP3CA
396,3.1.3.16,PPP4C
397,3.1.3.16,CPPED1
398,3.1.3.16,PPP3CB
399,3.1.3.16,PPP3CC
400,3.1.3.16,PPP5C
401,3.1.3.16,PPP6C
402,3.1.3.16,DUSP22
403,3.1.3.16,PTEN
404,3.1.3.16,PPM1H
405,3.1.3.16,CTDSP1
406,3.1.3.16,DUSP21
407,3.1.3.16,DUSP26
408,3.1.3.16,EPM2A
409,3.1.3.16,RPAP2
410,3.1.3.16,DUSP16
411,3.1.3.16,ILKAP
412,3.1.3.16,DUSP11
413,3.1.3.16,PPM1D
414,3.1.3.16,SSH2
415,3.1.3.16,CDC14B
416,3.1.3.16,CDC14A
417,3.1.3.16,CTDP1
418,3.1.3.16,DUSP27
419,3.1.3.16,PPM1F
420,3.1.3.48,NEDD8-MDP1
421,3.1.3.48,PTPRU
422,3.1.3.48,CDKN3
423,3.1.3.48,DUSP14
424,3.1.3.48,PTPN21
425,3.1.3.48,PTPRT
426,3.1.3.48,PTP4A3
427,3.1.3.48,DUSP10
428,3.1.3.48,DUSP12
429,3.1.3.48,PTPMT1
430,3.1.3.48,DUSP15
431,3.1.3.48,DUSP19
432,3.1.3.48,MDP1
433,3.1.3.48,DUSP18
434,3.1.3.48,DUSP1
435,3.1.3.48,DUSP2
436,3.1.3.48,DUSP3
437,3.1.3.48,DUSP4
438,3.1.3.48,DUSP5
439,3.1.3.48,DUSP6
440,3.1.3.48,DUSP7
441,3.1.3.48,DUSP8
442,3.1.3.48,DUSP9
443,3.1.3.48,EYA4
444,3.1.3.48,EYA1
445,3.1.3.48,EYA2
446,3.1.3.48,EYA3
447,3.1.3.48,PTPN23
448,3.1.3.48,PTPN20
449,3.1.3.48,PTPN22
450,3.1.3.48,PTPN18
451,3.1.3.48,PGP
452,3.1.3.48,DUSP28
453,3.1.3.48,DUPD1
454,3.1.3.48,PTPRQ
455,3.1.3.48,DUSP13
456,3.1.3.48,ACP1
457,3.1.3.48,UBASH3A
458,3.1.3.48,SSH1
459,3.1.3.48,DUSP23
460,3.1.3.48,SSH3
461,3.1.3.48,DUSP22
462,3.1.3.48,PTEN
463,3.1.3.48,PTPN1
464,3.1.3.48,PTPN2
465,3.1.3.48,PTPN3
466,3.1.3.48,PTPN4
467,3.1.3.48,PTPN6
468,3.1.3.48,PTPN7
469,3.1.3.48,PTPN9
470,3.1.3.48,PTPN11
471,3.1.3.48,PTPN12
472,3.1.3.48,PTPN14
473,3.1.3.48,PTPRA
474,3.1.3.48,PTPRB
475,3.1.3.48,PTPRC
476,3.1.3.48,PTPRD
477,3.1.3.48,PTPRE
478,3.1.3.48,PTPRF
479,3.1.3.48,PTPRG
480,3.1.3.48,PTPRH
481,3.1.3.48,PTPRJ
482,3.1.3.48,PTPRK
483,3.1.3.48,PTPRM
484,3.1.3.48,PTPRN
485,3.1.3.48,PTPRN2
486,3.1.3.48,PTPRO
487,3.1.3.48,PTPRR
488,3.1.3.48,PTPRS
489,3.1.3.48,PTPRZ1
490,3.1.3.48,DUSP21
491,3.1.3.48,PTP4A1
492,3.1.3.48,DUSP26
493,3.1.3.48,EPM2A
494,3.1.3.48,PTP4A2
495,3.1.3.48,DUSP16
496,3.1.3.48,DUSP11
497,3.1.3.48,PTPN5
498,3.1.3.48,UBASH3B
499,3.1.3.48,SSH2
500,3.1.3.48,CDC14B
501,3.1.3.48,CDC14A
502,3.1.3.48,MTMR3
503,3.1.3.48,MTMR4
504,3.1.3.48,DUSP27
505,3.1.3.48,CDC25A
506,3.1.3.48,CDC25B
507,3.1.3.48,CDC25C
508,2.7.10.1,MERTK
509,2.7.10.1,LMTK3
510,2.7.10.1,CSF1R
511,2.7.10.1,EGFR
512,2.7.10.1,EPHA2
513,2.7.10.1,EPHA1
514,2.7.10.1,EPHA3
515,2.7.10.1,EPHA4
516,2.7.10.1,EPHA5
517,2.7.10.1,EPHA7
518,2.7.10.1,EPHA8
519,2.7.10.1,EPHB1
520,2.7.10.1,EPHB2
521,2.7.10.1,EPHB3
522,2.7.10.1,EPHB4
523,2.7.10.1,EPHB6
524,2.7.10.1,ERBB2
525,2.7.10.1,ERBB3
526,2.7.10.1,ERBB4
527,2.7.10.1,FGFR1
528,2.7.10.1,FGFR3
529,2.7.10.1,FGFR2
530,2.7.10.1,FGFR4
531,2.7.10.1,LMTK2
532,2.7.10.1,FLT1
533,2.7.10.1,FLT3
534,2.7.10.1,FLT4
535,2.7.10.1,ALK
536,2.7.10.1,EPHA10
537,2.7.10.1,EPHA6
538,2.7.10.1,IGF1R
539,2.7.10.1,INSR
540,2.7.10.1,INSRR
541,2.7.10.1,KDR
542,2.7.10.1,KIT
543,2.7.10.1,LTK
544,2.7.10.1,MET
545,2.7.10.1,MST1R
546,2.7.10.1,MUSK
547,2.7.10.1,NTRK1
548,2.7.10.1,NTRK2
549,2.7.10.1,NTRK3
550,2.7.10.1,ROR1
551,2.7.10.1,ROR2
552,2.7.10.1,DDR2
553,2.7.10.1,PDGFRA
554,2.7.10.1,PDGFRB
555,2.7.10.1,AXL
556,2.7.10.1,PTK7
557,2.7.10.1,RET
558,2.7.10.1,ROS1
559,2.7.10.1,RYK
560,2.7.10.1,TEK
561,2.7.10.1,TIE1
562,2.7.10.1,TYRO3
563,2.7.10.1,DDR1
564,2.7.10.1,AATK
565,5.3.1.6,RPIA
566,2.7.7.6,POLR3A
567,2.7.7.6,POLR1A
568,2.7.7.6,POLR2A
569,2.7.7.6,POLR2B
570,2.7.7.6,POLRMT
571,2.7.7.6,POLR3B
572,2.7.7.6,POLR1B
573,2.7.11.11,PRKAA1
574,2.7.11.11,PRKAA2
575,2.7.11.11,PRKACA
576,2.7.11.11,PRKACB
577,2.7.11.11,PRKACG
578,2.7.11.11,PRKX
579,2.8.1.7,NFS1
580,3.4.22.36,CASP1
581,3.4.22.55,CASP2
582,3.4.22.56,CASP3
583,3.4.22.57,CASP4
584,3.4.22.64,CASP4
585,3.4.22.58,CASP5
586,3.4.22.59,CASP6
587,3.4.22.60,CASP7
588,3.4.22.61,CASP8
589,3.4.22.62,CASP9
590,3.4.22.63,CASP10
591,2.3.2.27,TRIM28
592,2.3.2.27,RNF41
593,2.3.2.27,TRIM13
594,2.3.2.27,TOPORS
595,2.3.2.27,STUB1
596,2.3.2.27,UBE4B
597,2.3.2.27,TRAIP
598,2.3.2.27,MARCHF6
599,2.3.2.27,TRIM38
600,2.3.2.27,MID2
601,2.3.2.27,TRIM31
602,2.3.2.27,RNF139
603,2.3.2.27,RNF13
604,2.3.2.27,DTX2
605,2.3.2.27,MARCHF3
606,2.3.2.27,UHRF2
607,2.3.2.27,UBR3
608,2.3.2.27,TRIM71
609,2.3.2.27,TRIM69
610,2.3.2.27,MIB2
611,2.3.2.27,KCTD11
612,2.3.2.27,DCST1
613,2.3.2.27,RNF187
614,2.3.2.27,ZSWIM2
615,2.3.2.27,DTX3L
616,2.3.2.27,RNF38
617,2.3.2.27,SH3RF2
618,2.3.2.27,RNF145
619,2.3.2.27,CBLL2
620,2.3.2.27,MARCHF10
621,2.3.2.27,RNF133
622,2.3.2.27,DTX1
623,2.3.2.27,E4F1
624,2.3.2.27,DTX3
625,2.3.2.27,UBR1
626,2.3.2.27,NSMCE1
627,2.3.2.27,RNF152
628,2.3.2.27,MARCHF8
629,2.3.2.27,RNF182
630,2.3.2.27,LNX2
631,2.3.2.27,ZNRF2
632,2.3.2.27,RNF44
633,2.3.2.27,TRIM32
634,2.3.2.27,PDZRN3
635,2.3.2.27,MYCBP2
636,2.3.2.27,DTX4
637,2.3.2.27,MGRN1
638,2.3.2.27,UBR2
639,2.3.2.27,JADE2
640,2.3.2.27,UBR4
641,2.3.2.27,MKRN1
642,2.3.2.27,MKRN2
643,2.3.2.27,CBLC
644,2.3.2.27,PELI3
645,2.3.2.27,SHPRH
646,2.3.2.27,TRIM58
647,2.3.2.27,RCHY1
648,2.3.2.27,RNF167
649,2.3.2.27,LTN1
650,2.3.2.27,AMFR
651,2.3.2.27,RNF115
652,2.3.2.27,PRPF19
653,2.3.2.27,RNF149
654,2.3.2.27,RNF180
655,2.3.2.27,MYLIP
656,2.3.2.27,UHRF1
657,2.3.2.27,PDZRN4
658,2.3.2.27,XIAP
659,2.3.2.27,SH3RF3
660,2.3.2.27,TRIM23
661,2.3.2.27,NHLRC1
662,2.3.2.27,MEX3D
663,2.3.2.27,MDM2
664,2.3.2.27,MID1
665,2.3.2.27,MARCHF11
666,2.3.2.27,TRIM37
667,2.3.2.27,CNOT4
668,2.3.2.27,TRIM17
669,2.3.2.27,RLIM
670,2.3.2.27,RNFT1
671,2.3.2.27,RNF181
672,2.3.2.27,MARCHF2
673,2.3.2.27,MEX3C
674,2.3.2.27,RNF138
675,2.3.2.27,PIAS4
676,2.3.2.27,TRIM33
677,2.3.2.27,NEURL1B
678,2.3.2.27,MARCHF5
679,2.3.2.27,RNF111
680,2.3.2.27,RNF43
681,2.3.2.27,RNF125
682,2.3.2.27,MARCHF1
683,2.3.2.27,FANCL
684,2.3.2.27,TRIM68
685,2.3.2.27,UBR7
686,2.3.2.27,RFWD3
687,2.3.2.27,TRIM62
688,2.3.2.27,TRIM36
689,2.3.2.27,RNF126
690,2.3.2.27,CHFR
691,2.3.2.27,RNF130
692,2.3.2.27,RNF114
693,2.3.2.27,RNF20
694,2.3.2.27,TRIM39
695,2.3.2.27,RAD18
696,2.3.2.27,KCMF1
697,2.3.2.27,PELI2
698,2.3.2.27,PELI1
699,2.3.2.27,MIB1
700,2.3.2.27,MARCHF4
701,2.3.2.27,PDZD4
702,2.3.2.27,SH3RF1
703,2.3.2.27,RNF213
704,2.3.2.27,CCNB1IP1
705,2.3.2.27,RAG1
706,2.3.2.27,RBBP6
707,2.3.2.27,TRIM27
708,2.3.2.27,RING1
709,2.3.2.27,RNF2
710,2.3.2.27,RNF4
711,2.3.2.27,RNF5
712,2.3.2.27,RNF6
713,2.3.2.27,RNF123
714,2.3.2.27,PJA1
715,2.3.2.27,RNF25
716,2.3.2.27,COP1
717,2.3.2.27,UNKL
718,2.3.2.27,SIAH1
719,2.3.2.27,RMND5B
720,2.3.2.27,SIAH2
721,2.3.2.27,RMND5A
722,2.3.2.27,MARCHF7
723,2.3.2.27,HLTF
724,2.3.2.27,BRCA1
725,2.3.2.27,TRIM21
726,2.3.2.27,TRAF2
727,2.3.2.27,TRAF6
728,2.3.2.27,TTC3
729,2.3.2.27,MKRN3
730,2.3.2.27,TRIM25
731,2.3.2.27,RNF103
732,2.3.2.27,RNF128
733,2.3.2.27,MUL1
734,2.3.2.27,CBLL1
735,2.3.2.27,TRIM11
736,2.3.2.27,TRIM8
737,2.3.2.27,RNF170
738,2.3.2.27,TRIM56
739,2.3.2.27,RNF146
740,2.3.2.27,BRAP
741,2.3.2.27,ZNRF3
742,2.3.2.27,MEX3B
743,2.3.2.27,TRAF7
744,2.3.2.27,RNF135
745,2.3.2.27,SYVN1
746,2.3.2.27,TRIM63
747,2.3.2.27,LNX1
748,2.3.2.27,ZNRF1
749,2.3.2.27,TRIM5
750,2.3.2.27,CBL
751,2.3.2.27,CBLB
752,2.3.2.27,TRIM24
753,2.3.2.27,TRIM4
754,2.3.2.27,RNF8
755,2.3.2.27,LRSAM1
756,2.3.2.27,ZNF598
757,2.3.2.27,TRIM41
758,2.3.2.27,RNF185
759,2.3.2.27,NEURL1
760,2.3.2.27,TMEM129
761,2.3.2.27,MEX3A
762,2.3.2.27,MARCHF9
763,2.3.2.27,NEURL3
764,2.3.2.27,UBE4A
765,2.3.2.27,DZIP3
766,2.3.2.27,RNF40
767,2.3.2.27,PJA2
768,2.7.1.68,PIP5KL1
769,2.7.1.68,PIP5K1C
770,2.7.1.68,PIP5K1A
771,2.7.1.68,PIP5K1B
772,2.3.2.26,HUWE1
773,2.3.2.26,WWP1
774,2.3.2.26,WWP2
775,2.3.2.26,HECTD2
776,2.3.2.26,HECW1
777,2.3.2.26,NEDD4L
778,2.3.2.26,HECTD1
779,2.3.2.26,HERC4
780,2.3.2.26,HECTD4
781,2.3.2.26,NEDD4
782,2.3.2.26,UBR5
783,2.3.2.26,G2E3
784,2.3.2.26,SMURF1
785,2.3.2.26,HECW2
786,2.3.2.26,HACE1
787,2.3.2.26,SMURF2
788,2.3.2.26,UBE3A
789,2.3.2.26,HECTD3
790,2.3.2.26,ITCH
791,2.3.2.26,HERC3
792,2.3.2.26,HERC2
793,2.3.2.26,HERC1
794,2.3.2.26,UBE3B
795,2.3.2.26,UBE3D
796,2.3.2.26,TRIP12
797,2.3.2.26,UBE3C
798,2.3.2.26,AREL1
799,3.5.1.124,PARK7
800,1.14.16.2,TH
801,2.7.10.2,TNK2
802,2.7.10.2,CSK
803,2.7.10.2,PRAG1
804,2.7.10.2,PTK2B
805,2.7.10.2,FER
806,2.7.10.2,FES
807,2.7.10.2,FGR
808,2.7.10.2,FRK
809,2.7.10.2,ABL1
810,2.7.10.2,FYN
811,2.7.10.2,ABL2
812,2.7.10.2,HCK
813,2.7.10.2,ITK
814,2.7.10.2,JAK1
815,2.7.10.2,JAK2
816,2.7.10.2,JAK3
817,2.7.10.2,LCK
818,2.7.10.2,LYN
819,2.7.10.2,MATK
820,2.7.10.2,STYK1
821,2.7.10.2,PTK2
822,2.7.10.2,PTK6
823,2.7.10.2,BLK
824,2.7.10.2,BMX
825,2.7.10.2,SRC
826,2.7.10.2,SRMS
827,2.7.10.2,SYK
828,2.7.10.2,BTK
829,2.7.10.2,TEC
830,2.7.10.2,TXK
831,2.7.10.2,TYK2
832,2.7.10.2,YES1
833,2.7.10.2,ZAP70
834,2.7.10.2,PEAK1
835,2.7.10.2,TNK1
836,2.7.10.2,PKDCC
837,6.2.1.45,UBA2
838,6.2.1.45,SAE1
839,6.2.1.45,UBA6
840,6.2.1.45,UBA1
841,6.2.1.45,UBA7
842,6.2.1.45,UBA3
843,3.4.21.53,LONP2
844,3.4.21.53,LONP1
845,5.1.3.17,GLCE
846,2.8.2.5,CHST13
847,2.8.2.5,CHST11
848,2.8.2.5,CHST12
849,2.8.2.17,CHST7
850,2.8.2.17,CHST3
851,2.7.1.154,PIK3C2A
852,2.7.1.154,PIK3C2B
853,2.7.1.154,PIK3C2G
854,2.7.1.153,PIK3CA
855,2.7.1.153,PIK3CB
856,2.7.1.153,PIK3CD
857,2.7.1.153,PIK3CG
858,2.8.2.21,CHST1
859,5.6.2.1,TOP1MT
860,5.6.2.1,TOP1
861,5.6.2.1,TOP3A
862,5.6.2.1,TOP3B
863,2.7.1.67,PI4KA
864,2.7.1.67,PI4KB
865,2.7.1.67,PI4K2B
866,2.7.1.67,PI4K2A
867,2.7.6.2,TPK1
868,1.5.1.2,PYCR2
869,1.5.1.2,PYCR1
870,1.5.1.2,PYCR3
871,2.1.1.314,DPH5
872,2.6.1.2,GPT
873,2.6.1.2,GPT2
874,6.3.4.4,ADSS1
875,6.3.4.4,ADSS2
876,3.6.4.12,G3BP1
877,3.6.4.12,RUVBL2
878,3.6.4.12,ASCC3
879,3.6.4.12,CHD1
880,3.6.4.12,CHD2
881,3.6.4.12,CHD3
882,3.6.4.12,CHD4
883,3.6.4.12,HELQ
884,3.6.4.12,HFM1
885,3.6.4.12,DNA2
886,3.6.4.12,ERCC2
887,3.6.4.12,ERCC3
888,3.6.4.12,RAD54L2
889,3.6.4.12,MCM9
890,3.6.4.12,CHD5
891,3.6.4.12,GTF2F2
892,3.6.4.12,IGHMBP2
893,3.6.4.12,MCM2
894,3.6.4.12,MCM3
895,3.6.4.12,MCM4
896,3.6.4.12,MCM5
897,3.6.4.12,MCM6
898,3.6.4.12,MCM7
899,3.6.4.12,SMARCAL1
900,3.6.4.12,RTEL1
901,3.6.4.12,ATRX
902,3.6.4.12,INO80
903,3.6.4.12,ERCC6L
904,3.6.4.12,CHD7
905,3.6.4.12,TWNK
906,3.6.4.12,SMARCAD1
907,3.6.4.12,CHD8
908,3.6.4.12,RECQL
909,3.6.4.12,BLM
910,3.6.4.12,WRN
911,3.6.4.12,PIF1
912,3.6.4.12,CHD9
913,3.6.4.12,BRIP1
914,3.6.4.12,CHD6
915,3.6.4.12,MCM8
916,3.6.4.12,FBH1
917,3.6.4.12,NAV2
918,3.6.4.12,HELB
919,3.6.4.12,RECQL5
920,3.6.4.12,RECQL4
921,3.6.4.12,CHD1L
922,2.3.2.13,TGM7
923,2.3.2.13,F13A1
924,2.3.2.13,TGM6
925,2.3.2.13,TGM4
926,2.3.2.13,TGM1
927,2.3.2.13,TGM2
928,2.3.2.13,TGM3
929,2.3.2.13,TGM5
930,7.6.2.2,ABCB1
931,7.6.2.2,ABCB4
932,3.4.19.12,USP17L17
933,3.4.19.12,USP17L22
934,3.4.19.12,USP16
935,3.4.19.12,STAMBP
936,3.4.19.12,USP20
937,3.4.19.12,USP19
938,3.4.19.12,USP18
939,3.4.19.12,USP43
940,3.4.19.12,JOSD2
941,3.4.19.12,OTUD6A
942,3.4.19.12,CYLD
943,3.4.19.12,USP51
944,3.4.19.12,OTUD7A
945,3.4.19.12,USP12
946,3.4.19.12,OTUD1
947,3.4.19.12,USP33
948,3.4.19.12,OTUD3
949,3.4.19.12,USP22
950,3.4.19.12,USP24
951,3.4.19.12,USP49
952,3.4.19.12,USP21
953,3.4.19.12,USP25
954,3.4.19.12,USP41
955,3.4.19.12,USP17L2
956,3.4.19.12,USP27X
957,3.4.19.12,DESI2
958,3.4.19.12,UCHL5
959,3.4.19.12,OTUD6B
960,3.4.19.12,MINDY2
961,3.4.19.12,OTUD4
962,3.4.19.12,ZRANB1
963,3.4.19.12,USP47
964,3.4.19.12,USP40
965,3.4.19.12,OTUD5
966,3.4.19.12,OTUB1
967,3.4.19.12,MINDY1
968,3.4.19.12,OTUD7B
969,3.4.19.12,USP31
970,3.4.19.12,USP35
971,3.4.19.12,STAMBPL1
972,3.4.19.12,USP36
973,3.4.19.12,USP28
974,3.4.19.12,USP29
975,3.4.19.12,USP37
976,3.4.19.12,USP46
977,3.4.19.12,TNFAIP3
978,3.4.19.12,USP17L24
979,3.4.19.12,USP17L25
980,3.4.19.12,USP17L26
981,3.4.19.12,USP17L5
982,3.4.19.12,USP17L27
983,3.4.19.12,USP17L28
984,3.4.19.12,USP17L29
985,3.4.19.12,USP17L30
986,3.4.19.12,UCHL1
987,3.4.19.12,UCHL3
988,3.4.19.12,USP4
989,3.4.19.12,USP1
990,3.4.19.12,USP7
991,3.4.19.12,OTUB2
992,3.4.19.12,MINDY3
993,3.4.19.12,VCPIP1
994,3.4.19.12,USP5
995,3.4.19.12,USP11
996,3.4.19.12,USP9X
997,3.4.19.12,USP9Y
998,3.4.19.12,BAP1
999,3.4.19.12,USP26
1000,3.4.19.12,USP44
1001,3.4.19.12,USP42
1002,3.4.19.12,MINDY4
1003,3.4.19.12,USP48
1004,3.4.19.12,USP38
1005,3.4.19.12,USP32
1006,3.4.19.12,USP30
1007,3.4.19.12,USP45
1008,3.4.19.12,USP13
1009,3.4.19.12,OTULIN
1010,3.4.19.12,USP14
1011,3.4.19.12,USP6
1012,3.4.19.12,USP2
1013,3.4.19.12,USP10
1014,3.4.19.12,USP8
1015,3.4.19.12,USP34
1016,3.4.19.12,JOSD1
1017,3.4.19.12,USP15
1018,3.4.19.12,USP3
1019,3.1.26.4,RNASEH2A
1020,3.1.26.4,RNASEH1
1021,4.1.1.17,ODC1
1022,2.4.2.31,ART5
1023,2.4.2.31,ART1
1024,2.4.2.31,ART3
1025,2.4.2.31,ART4
1026,3.4.21.105,RHBDL3
1027,3.4.21.105,RHBDL2
1028,3.4.21.105,PARL
1029,3.4.21.105,RHBDL1
1030,2.4.1.122,C1GALT1
1031,3.4.22.68,SENP8
1032,3.4.22.68,SENP5
1033,3.4.22.68,SENP6
1034,3.4.22.68,SENP3
1035,3.4.22.68,SENP1
1036,3.4.22.68,SENP7
1037,3.4.22.68,SENP2
1038,1.8.3.2,QSOX2
1039,1.8.3.2,GFER
1040,1.8.3.2,QSOX1
1041,2.7.11.22,CDK2
1042,2.7.11.22,CDK3
1043,2.7.11.22,CDK4
1044,2.7.11.22,CDK5
1045,2.7.11.22,CDK6
1046,2.7.11.22,CDK7
1047,2.7.11.22,CDK8
1048,2.7.11.22,CDK9
1049,2.7.11.22,CILK1
1050,2.7.11.22,CDK19
1051,2.7.11.22,CDK20
1052,2.7.11.22,CDKL4
1053,2.7.11.22,MAK
1054,2.7.11.22,CDKL3
1055,2.7.11.22,CDK16
1056,2.7.11.22,CDK17
1057,2.7.11.22,CDK18
1058,2.7.11.22,CDK12
1059,2.7.11.22,CDK14
1060,2.7.11.22,MOK
1061,2.7.11.22,CDK15
1062,2.7.11.22,CDKL5
1063,2.7.11.22,CDK11A
1064,2.7.11.22,CDK10
1065,2.7.11.22,CDK13
1066,2.7.11.22,CDKL1
1067,2.7.11.22,CDKL2
1068,2.7.11.22,CDK1
1069,2.7.11.22,CDK11B
1070,2.7.11.12,PRKG1
1071,2.7.11.12,PRKG2
1072,3.1.1.1,CES1
1073,3.1.1.1,CES5A
1074,3.1.1.1,CES3
1075,3.1.1.1,CES2
1076,3.1.1.84,CES2
1077,3.1.1.56,CES2
1078,2.3.1.4,GNPNAT1
1079,3.4.21.5,F2
1080,3.4.21.68,PLAT
1081,3.4.21.73,PLAU
1082,5.6.1.6,CFTR
1083,3.6.1.13,NUDT5
1084,3.6.1.13,NUDT9
1085,3.6.1.13,ADPRM
1086,3.6.1.13,TRPM2
1087,3.4.21.34,KLKB1
1088,3.4.21.27,F11
1089,3.4.21.22,F9
1090,3.4.21.21,F7
1091,3.4.21.6,F10
1092,3.2.1.21,GBA3
1093,3.4.21.69,PROC
1094,3.4.21.41,C1R
1095,3.4.21.7,PLG
1096,3.4.17.20,CPB2
1097,3.4.21.42,C1S
1098,3.4.21.43,C2
1099,3.4.21.47,CFB
1100,3.4.21.46,CFD
1101,3.4.21.45,CFI
1102,6.2.1.7,SLC27A5
1103,2.3.1.21,CPT1C
1104,2.3.1.21,CPT1A
1105,2.3.1.21,CPT1B
1106,2.3.1.21,CPT2
1107,7.2.1.3,CYB561
1108,7.2.1.3,CYBRD1
1109,4.4.1.20,LTC4S
1110,2.5.1.60,RABGGTA
1111,2.5.1.60,RABGGTB
1112,3.1.3.67,PTEN
1113,3.1.1.29,PTRH1
1114,3.1.1.29,MRPL58
1115,3.1.1.29,PTRH2
1116,3.1.3.11,FBP1
1117,3.1.3.11,FBP2
1118,1.3.1.70,TM7SF2
1119,1.1.1.271,TSTA3
1120,2.7.1.48,UCKL1
1121,2.7.1.48,UCK2
1122,2.7.1.48,UCK1
1123,2.3.1.26,SOAT1
1124,2.3.1.26,SOAT2
1125,2.3.1.42,GNPAT
1126,3.2.1.35,HYAL4
1127,3.2.1.35,CEMIP2
1128,3.2.1.35,HYAL1
1129,3.2.1.35,CEMIP
1130,3.2.1.35,SPAM1
1131,3.2.1.35,HYAL3
1132,3.2.1.35,HYAL2
1133,2.7.7.15,PCYT1A
1134,2.7.7.15,PCYT1B
1135,1.5.1.34,QDPR
1136,1.11.1.6,CAT
1137,2.4.1.17,UGT2B11
1138,2.4.1.17,UGT2A1
1139,2.4.1.17,UGT2B28
1140,2.4.1.17,UGT1A10
1141,2.4.1.17,UGT1A8
1142,2.4.1.17,UGT1A7
1143,2.4.1.17,UGT1A6
1144,2.4.1.17,UGT1A5
1145,2.4.1.17,UGT1A9
1146,2.4.1.17,UGT1A4
1147,2.4.1.17,UGT1A1
1148,2.4.1.17,UGT1A3
1149,2.4.1.17,UGT2A2
1150,2.4.1.17,UGT2B4
1151,2.4.1.17,UGT2B7
1152,2.4.1.17,UGT2B10
1153,2.4.1.17,UGT2B15
1154,2.4.1.17,UGT2B17
1155,2.4.1.17,UGT2A3
1156,2.4.99.6,ST3GAL6
1157,2.4.99.6,ST3GAL3
1158,3.2.1.24,MAN2B2
1159,3.2.1.24,MAN2C1
1160,3.2.1.24,MAN2B1
1161,2.8.2.23,HS3ST5
1162,2.8.2.23,HS3ST1
1163,2.8.2.29,HS3ST2
1164,3.1.3.75,PHOSPHO1
1165,3.1.1.5,LYPLA1
1166,3.1.1.5,PNPLA6
1167,3.1.1.5,LYPLA2
1168,3.1.1.5,CLC
1169,3.1.1.5,PLB1
1170,3.1.1.5,PLA2G15
1171,3.1.1.5,ASPG
1172,3.1.1.5,PNPLA7
1173,2.8.2.30,HS3ST3B1
1174,2.8.2.30,HS3ST3A1
1175,2.5.1.61,HMBS
1176,2.4.1.206,B3GNT5
1177,1.14.14.154,CYP51A1
1178,1.14.15.36,CYP51A1
1179,2.7.1.52,FCSK
1180,2.1.1.348,METTL3
1181,2.1.1.348,METTL14
1182,7.6.2.1,ATP9A
1183,7.6.2.1,ATP8A1
1184,7.6.2.1,ATP8B3
1185,7.6.2.1,ATP10B
1186,7.6.2.1,ATP11B
1187,7.6.2.1,ATP11A
1188,7.6.2.1,ATP11C
1189,7.6.2.1,ATP9B
1190,7.6.2.1,ATP8A2
1191,7.6.2.1,ATP8B1
1192,7.6.2.1,ATP10A
1193,7.6.2.1,ATP8B2
1194,7.6.2.1,ATP10D
1195,7.6.2.1,ATP8B4
1196,3.4.11.18,METAP2
1197,3.4.11.18,METAP1
1198,3.4.11.18,METAP1D
1199,6.2.1.3,SLC27A2
1200,6.2.1.3,ACSL1
1201,6.2.1.3,ACSL3
1202,6.2.1.3,ACSL4
1203,6.2.1.3,ACSBG1
1204,6.2.1.3,ACSL6
1205,6.2.1.3,ACSL5
1206,6.2.1.3,ACSBG2
1207,3.3.1.1,AHCYL1
1208,3.3.1.1,AHCY
1209,3.3.1.1,AHCYL2
1210,2.4.1.221,POFUT2
1211,2.4.1.221,POFUT1
1212,1.4.1.3,GLUD1
1213,1.4.1.3,GLUD2
1214,2.3.1.15,GPAT4
1215,2.3.1.15,GPAT2
1216,2.3.1.15,GPAM
1217,2.3.1.15,GPAT3
1218,2.4.1.222,LFNG
1219,2.4.1.222,MFNG
1220,2.4.1.222,RFNG
1221,3.6.4.6,NSF
1222,3.1.3.36,INPP5B
1223,3.1.3.36,OCRL
1224,3.1.3.36,INPP5E
1225,3.1.3.36,SYNJ1
1226,3.1.3.36,SYNJ2
1227,3.4.23.1,PGA5
1228,3.4.23.1,PGA3
1229,3.4.23.1,PGA4
1230,2.7.2.3,PGK1
1231,2.7.2.3,PGK2
1232,2.5.1.39,COQ2
1233,1.14.99.60,COQ7
1234,1.5.3.13,PAOX
1235,4.2.1.18,AUH
1236,1.3.3.3,CPOX
1237,3.4.23.45,BACE2
1238,3.4.17.22,CPD
1239,3.1.3.62,MINPP1
1240,3.1.3.80,MINPP1
1241,3.6.1.52,NUDT4
1242,3.6.1.52,NUDT3
1243,3.6.1.52,NUDT10
1244,3.6.1.52,NUDT11
1245,3.6.1.22,NUDT12
1246,3.6.1.45,NUDT14
1247,1.2.1.12,GAPDH
1248,1.2.1.12,GAPDHS
1249,1.21.99.3,DIO3
1250,2.1.1.137,AS3MT
1251,6.2.1.1,ACSS2
1252,6.2.1.1,ACSS1
1253,2.7.1.147,ADPGK
1254,2.3.1.137,CROT
1255,3.1.2.1,ACOT12
1256,4.2.1.1,CA5B
1257,4.2.1.1,CA14
1258,4.2.1.1,CA13
1259,4.2.1.1,CA1
1260,4.2.1.1,CA2
1261,4.2.1.1,CA3
1262,4.2.1.1,CA4
1263,4.2.1.1,CA5A
1264,4.2.1.1,CA6
1265,4.2.1.1,CA7
1266,4.2.1.1,CA8
1267,4.2.1.1,CA9
1268,4.2.1.1,CA12
1269,1.2.4.1,PDHA1
1270,1.2.4.1,PDHA2
1271,1.2.4.1,PDHB
1272,3.5.1.25,AMDHD2
1273,3.4.14.5,DPP4
1274,3.4.14.5,DPP8
1275,3.4.14.5,DPP9
1276,2.7.11.23,CDK7
1277,2.7.11.23,CDK8
1278,2.7.11.23,CDK9
1279,2.7.11.23,CDK19
1280,2.7.11.23,CDK12
1281,2.7.11.23,CDK13
1282,2.7.11.23,CDK1
1283,2.1.1.354,PRDM7
1284,2.1.1.354,SMYD1
1285,2.1.1.354,SETD1B
1286,2.1.1.354,KMT2A
1287,2.1.1.354,ASH1L
1288,2.1.1.354,KMT2E
1289,2.1.1.354,SMYD2
1290,2.1.1.354,PRDM9
1291,2.1.1.354,KMT2C
1292,2.1.1.354,SMYD3
1293,2.1.1.354,KMT2D
1294,2.1.1.354,SETD7
1295,2.1.1.354,SETD1A
1296,2.1.1.354,KMT2B
1297,1.21.99.4,DIO1
1298,1.21.99.4,DIO2
1299,7.1.1.2,NDUFS7
1300,7.1.1.2,ND1
1301,7.1.1.2,ND2
1302,7.1.1.2,ND3
1303,7.1.1.2,ND4
1304,7.1.1.2,ND4L
1305,7.1.1.2,ND5
1306,7.1.1.2,ND6
1307,7.1.1.2,NDUFS1
1308,7.1.1.2,NDUFS2
1309,7.1.1.2,NDUFS3
1310,7.1.1.2,NDUFV1
1311,7.1.1.2,NDUFS8
1312,7.1.1.2,NDUFV2
1313,1.6.99.3,NDUFS7
1314,1.6.99.3,NDUFS1
1315,1.6.99.3,NDUFS2
1316,1.6.99.3,NDUFS3
1317,1.6.99.3,NDUFV1
1318,1.6.99.3,NDUFS8
1319,1.6.99.3,NDUFV2
1320,3.4.21.104,MASP2
1321,2.4.2.1,PNP
1322,2.4.1.142,ALG1
1323,2.4.1.132,ALG2
1324,2.4.1.257,ALG2
1325,2.4.1.258,ALG3
1326,2.4.1.260,ALG12
1327,2.4.1.267,ALG6
1328,2.4.1.265,ALG8
1329,2.4.1.256,ALG10B
1330,2.4.1.256,ALG10
1331,4.1.2.13,ALDOA
1332,4.1.2.13,ALDOB
1333,4.1.2.13,ALDOC
1334,2.3.3.10,HMGCS1
1335,2.3.3.10,HMGCS2
1336,2.4.1.198,PIGA
1337,1.16.1.8,MTRR
1338,3.6.5.5,DNM1L
1339,3.6.5.5,DNM1
1340,3.6.5.5,DNM2
1341,3.6.5.5,DNM3
1342,3.6.5.5,OPA1
1343,2.4.1.79,B3GALNT1
1344,1.3.5.1,SDHA
1345,1.3.5.1,SDHB
1346,1.3.5.1,sdha
1347,1.3.5.1,sdhb
1348,1.3.5.1,DHSA
1349,7.1.1.8,UQCRFS1
1350,2.7.7.7,MYBBP1A
1351,2.7.7.7,POLQ
1352,2.7.7.7,POLI
1353,2.7.7.7,PRIMPOL
1354,2.7.7.7,POLL
1355,2.7.7.7,POLM
1356,2.7.7.7,POLN
1357,2.7.7.7,POLK
1358,2.7.7.7,POLE3
1359,2.7.7.7,POLA1
1360,2.7.7.7,POLB
1361,2.7.7.7,POLD1
1362,2.7.7.7,POLE
1363,2.7.7.7,POLE2
1364,2.7.7.7,POLG
1365,2.7.7.7,POLH
1366,2.7.7.7,POLE4
1367,2.7.7.7,REV3L
1368,3.5.4.4,ADA
1369,3.5.4.4,ADA2
1370,2.3.1.199,ELOVL2
1371,2.3.1.199,ELOVL5
1372,2.3.1.199,ELOVL1
1373,2.3.1.199,ELOVL4
1374,2.3.1.199,ELOVL6
1375,2.3.1.199,ELOVL7
1376,2.3.1.199,ELOVL3
1377,3.4.17.1,CPA1
1378,3.4.17.1,CPA3
1379,3.4.17.1,CPA6
1380,3.4.17.1,CPA5
1381,3.4.18.1,CTSZ
1382,2.8.3.5,OXCT1
1383,2.8.3.5,OXCT2
1384,3.4.21.39,CMA1
1385,3.4.21.109,ST14
1386,6.3.2.25,TTL
1387,5.3.3.5,EBP
1388,4.6.1.16,TSEN34
1389,4.6.1.16,TSEN2
1390,2.3.1.48,KAT5
1391,2.3.1.48,OGA
1392,2.3.1.48,KAT7
1393,2.3.1.48,CDYL2
1394,2.3.1.48,TAF1L
1395,2.3.1.48,CREBBP
1396,2.3.1.48,EP300
1397,2.3.1.48,CDY2B
1398,2.3.1.48,KAT6B
1399,2.3.1.48,CDY1B
1400,2.3.1.48,KAT2A
1401,2.3.1.48,ELP3
1402,2.3.1.48,TAF1
1403,2.3.1.48,KAT6A
1404,2.3.1.48,NCOA3
1405,2.3.1.48,KAT8
1406,2.3.1.48,HAT1
1407,2.3.1.48,NCOA1
1408,2.3.1.48,KAT2B
1409,2.3.1.48,CDY1
1410,2.3.1.48,GTF3C4
1411,2.3.1.48,CDYL
1412,2.3.1.48,CDY2A
1413,2.3.1.48,CLOCK
1414,4.2.99.18,APLF
1415,4.2.99.18,NEIL2
1416,4.2.99.18,APEX2
1417,4.2.99.18,APEX1
1418,4.2.99.18,NTHL1
1419,4.2.99.18,OGG1
1420,4.2.99.18,NEIL1
1421,4.2.99.18,ALKBH1
1422,2.7.12.1,TESK2
1423,2.7.12.1,CLK1
1424,2.7.12.1,CLK2
1425,2.7.12.1,CLK3
1426,2.7.12.1,DYRK1A
1427,2.7.12.1,DSTYK
1428,2.7.12.1,CLK4
1429,2.7.12.1,TESK1
1430,2.7.12.1,TTK
1431,2.7.12.1,DYRK3
1432,2.7.12.1,DYRK2
1433,2.7.12.1,DYRK4
1434,2.7.12.1,DYRK1B
1435,2.7.11.17,CAMKK2
1436,2.7.11.17,PNCK
1437,2.7.11.17,CAMK1D
1438,2.7.11.17,CAMK1G
1439,2.7.11.17,CAMK4
1440,2.7.11.17,CAMK2A
1441,2.7.11.17,CAMK2B
1442,2.7.11.17,CAMK2D
1443,2.7.11.17,CAMK2G
1444,2.7.11.17,CAMKK1
1445,2.7.11.17,CAMK1
1446,3.4.24.84,ZMPSTE24
1447,2.4.1.141,ALG14
1448,2.4.1.141,ALG13
1449,3.4.21.112,MBTPS1
1450,2.7.4.3,AK6
1451,2.7.4.3,AK7
1452,2.7.4.3,AK8
1453,2.7.4.3,AK1
1454,2.7.4.3,AK2
1455,2.7.4.3,AK4
1456,2.7.4.3,AK9
1457,2.7.4.3,AK5
1458,5.6.1.1,KATNA1
1459,5.6.1.1,SPAST
1460,5.6.1.1,KATNAL2
1461,5.6.1.1,KATNAL1
1462,1.1.1.27,LDHAL6A
1463,1.1.1.27,LDHA
1464,1.1.1.27,LDHB
1465,1.1.1.27,LDHC
1466,1.1.1.27,LDHAL6B
1467,3.1.3.5,NT5C1B-RDH14
1468,3.1.3.5,NT5C3B
1469,3.1.3.5,NT5C2
1470,3.1.3.5,NT5C
1471,3.1.3.5,NT5E
1472,3.1.3.5,NT5C3A
1473,3.1.3.5,ACP3
1474,3.1.3.5,NT5M
1475,3.1.3.5,NT5C1A
1476,3.1.3.5,NT5C1B
1477,1.14.19.17,DEGS2
1478,1.14.19.17,DEGS1
1479,1.14.18.5,DEGS2
1480,1.14.18.5,DEGS1
1481,2.7.1.138,CERK
1482,2.7.1.91,SPHK2
1483,2.7.1.91,SPHK1
1484,2.7.8.27,SGMS2
1485,2.7.8.27,SGMS1
1486,3.4.21.59,TPSD1
1487,3.4.21.59,TPSB2
1488,3.4.21.59,TPSAB1
1489,6.4.1.4,MCCC1
1490,6.4.1.4,MCCC2
1491,6.2.1.4,SUCLG2
1492,6.2.1.4,SUCLG1
1493,6.2.1.4,SUCLA2
1494,6.2.1.5,SUCLG2
1495,6.2.1.5,SUCLG1
1496,6.2.1.5,SUCLA2
1497,5.1.99.1,MCEE
1498,3.4.24.79,PAPPA
1499,3.4.24.85,MBTPS2
1500,1.3.3.4,PPOX
1501,1.3.3.15,PPOX
1502,2.5.1.46,DHPS
1503,3.1.3.86,INPP5D
1504,3.1.3.86,INPPL1
1505,2.1.1.215,TRMT1
1506,2.1.1.216,TRMT1
1507,1.3.3.6,ACOX1
1508,1.3.3.6,ACOX3
1509,2.7.4.6,NME6
1510,2.7.4.6,AK9
1511,2.7.4.6,NME7
1512,2.7.4.6,NME1
1513,2.7.4.6,NME2
1514,2.7.4.6,NME3
1515,2.7.4.6,NME4
1516,2.7.4.6,NME1-NME2
1517,7.1.2.2,ATP5F1B
1518,7.1.2.2,ATP6V1A
1519,2.7.11.26,TTBK2
1520,2.7.11.26,GSK3A
1521,2.7.11.26,GSK3B
1522,2.7.11.26,TTBK1
1523,2.7.1.33,PANK1
1524,2.7.1.33,PANK4
1525,2.7.1.33,PANK3
1526,2.7.1.33,PANK2
1527,1.11.1.15,PRDX4
1528,1.11.1.15,PRDX3
1529,1.11.1.15,PRDX5
1530,1.11.1.15,PRDX1
1531,1.11.1.15,PRDX2
1532,1.11.1.15,PRDX6
1533,3.1.2.2,ACOT2
1534,3.1.2.2,ACOT7
1535,3.1.2.2,THEM4
1536,3.1.2.2,ACOT4
1537,3.1.2.2,THEM5
1538,3.1.2.2,BAAT
1539,3.1.2.2,ACOT1
1540,1.2.1.36,ALDH1A1
1541,1.2.1.36,ALDH1A2
1542,5.4.99.45,PUS3
1543,1.11.1.9,GPX6
1544,1.11.1.9,GPX1
1545,1.11.1.9,GPX2
1546,1.11.1.9,GPX3
1547,1.11.1.9,GPX5
1548,1.11.1.9,GPX7
1549,1.11.1.9,GPX8
1550,3.1.26.11,ELAC1
1551,3.1.26.11,ELAC2
1552,1.14.16.4,TPH2
1553,1.14.16.4,TPH1
1554,1.14.15.18,CYP27B1
1555,3.6.1.43,DOLPP1
1556,2.4.1.226,CHSY1
1557,2.4.1.226,CHSY3
1558,2.4.1.226,CHPF2
1559,2.4.1.226,CHPF
1560,2.5.1.18,GSTO2
1561,2.5.1.18,GSTA5
1562,2.5.1.18,HPGDS
1563,2.5.1.18,GSTA1
1564,2.5.1.18,GSTA2
1565,2.5.1.18,GSTA3
1566,2.5.1.18,GSTA4
1567,2.5.1.18,GSTM1
1568,2.5.1.18,GSTM2
1569,2.5.1.18,GSTM3
1570,2.5.1.18,GSTM4
1571,2.5.1.18,GSTM5
1572,2.5.1.18,GSTP1
1573,2.5.1.18,GSTT1
1574,2.5.1.18,GSTT2
1575,2.5.1.18,GSTK1
1576,2.5.1.18,MGST1
1577,2.5.1.18,MGST2
1578,2.5.1.18,MGST3
1579,2.5.1.18,GSTT2B
1580,2.5.1.18,GSTO1
1581,4.2.1.49,UROC1
1582,2.1.1.33,METTL1
1583,5.3.2.1,MIF
1584,3.4.24.81,ADAM10
1585,2.4.1.313,B3GALNT2
1586,2.4.1.244,B4GALNT3
1587,2.4.1.244,B4GALNT4
1588,2.4.1.255,EOGT
1589,2.4.1.255,OGT
1590,3.4.25.1,PSMB11
1591,3.4.25.1,PSMA8
1592,3.4.25.1,PSMA1
1593,3.4.25.1,PSMA2
1594,3.4.25.1,PSMA3
1595,3.4.25.1,PSMA4
1596,3.4.25.1,PSMA5
1597,3.4.25.1,PSMA6
1598,3.4.25.1,PSMA7
1599,3.4.25.1,PSMB1
1600,3.4.25.1,PSMB2
1601,3.4.25.1,PSMB3
1602,3.4.25.1,PSMB4
1603,3.4.25.1,PSMB5
1604,3.4.25.1,PSMB6
1605,3.4.25.1,PSMB7
1606,3.4.25.1,PSMB8
1607,3.4.25.1,PSMB9
1608,3.4.25.1,PSMB10
1609,4.2.1.134,HACD2
1610,4.2.1.134,HACD4
1611,4.2.1.134,HACD3
1612,4.2.1.134,HACD1
1613,2.7.4.24,PPIP5K2
1614,2.7.4.24,PPIP5K1
1615,6.1.1.21,HARS2
1616,6.1.1.21,HARS1
1617,1.1.5.3,GPD2
1618,6.1.1.14,GARS1
1619,4.2.1.2,FH
1620,3.4.13.19,DPEP1
1621,3.4.13.19,DPEP2
1622,3.4.13.19,DPEP3
1623,6.1.1.16,CARS2
1624,6.1.1.16,CARS1
1625,2.4.1.212,HAS1
1626,2.4.1.212,HAS2
1627,2.4.1.212,HAS3
1628,1.8.1.7,GSR
1629,1.7.1.7,GMPR
1630,1.7.1.7,GMPR2
1631,4.2.3.12,PTS
1632,4.1.2.50,PTS
1633,3.5.99.6,GNPDA1
1634,3.5.99.6,GNPDA2
1635,3.1.1.77,AOAH
1636,3.4.22.40,BLMH
1637,3.4.22.42,CTSO
1638,3.4.21.119,KLK13
1639,2.5.1.1,FDPS
1640,2.5.1.1,GGPS1
1641,2.5.1.10,FDPS
1642,2.5.1.10,GGPS1
1643,2.5.1.29,GGPS1
1644,2.3.2.25,UBE2W
1645,1.1.1.30,BDH2
1646,1.1.1.30,BDH1
1647,2.1.1.5,BHMT
1648,2.7.1.15,RBKS
1649,2.1.2.1,SHMT1
1650,2.1.2.1,SHMT2
1651,2.7.1.23,NADK2
1652,2.7.1.23,NADK
1653,2.5.1.22,SMS
1654,2.7.7.23,UAP1
1655,2.7.7.23,UAP1L1
1656,2.7.7.83,UAP1
1657,2.7.7.83,UAP1L1
1658,3.6.5.4,SRP54
1659,3.5.1.12,BTD
1660,5.3.99.5,TBXAS1
1661,2.2.1.1,TKT
1662,2.2.1.1,TKTL1
1663,2.2.1.1,TKTL2
1664,2.4.2.29,QTRT2
1665,2.4.2.29,QTRT1
1666,3.1.1.4,PLA2G4B
1667,3.1.1.4,PLAAT3
1668,3.1.1.4,PLA2G4E
1669,3.1.1.4,PLB1
1670,3.1.1.4,PLA2G4F
1671,3.1.1.4,PLA2G2D
1672,3.1.1.4,PLA2G4D
1673,3.1.1.4,PLA2G2E
1674,3.1.1.4,PLA2G2C
1675,3.1.1.4,PLA2G3
1676,3.1.1.4,PLA2G1B
1677,3.1.1.4,PLA2G2A
1678,3.1.1.4,PLA2G4A
1679,3.1.1.4,PLA2G5
1680,3.1.1.4,PLA2G2F
1681,3.1.1.4,PLA2G12A
1682,3.1.1.4,PLA2G6
1683,3.1.1.4,PLA2G10
1684,3.1.1.4,PLA2G12B
1685,3.1.1.4,PLA2G4C
1686,3.1.1.4,JMJD7-PLA2G4B
1687,2.8.2.20,TPST2
1688,2.8.2.20,TPST1
1689,2.7.1.107,DGKK
1690,2.7.1.107,DGKA
1691,2.7.1.107,DGKB
1692,2.7.1.107,DGKG
1693,2.7.1.107,DGKH
1694,2.7.1.107,DGKQ
1695,2.7.1.107,DGKZ
1696,2.7.1.107,DGKE
1697,2.7.1.107,DGKD
1698,2.7.1.107,DGKI
1699,1.14.13.9,KMO
1700,6.1.1.1,YARS2
1701,6.1.1.1,YARS1
1702,2.4.1.83,DPM1
1703,2.3.1.97,NMT1
1704,2.3.1.97,NMT2
1705,2.8.2.11,GAL3ST1
1706,3.2.2.6,BST1
1707,3.2.2.6,CD38
1708,2.4.99.20,BST1
1709,2.4.99.20,CD38
1710,6.1.1.20,FARSB
1711,6.1.1.20,FARS2
1712,6.1.1.20,FARSA
1713,5.6.2.2,TOP2A
1714,5.6.2.2,TOP2B
1715,1.2.4.4,BCKDHA
1716,1.2.4.4,BCKDHB
1717,2.7.7.102,PRIMPOL
1718,2.7.7.102,PRIM1
1719,3.1.2.22,ABHD17B
1720,3.1.2.22,PPT1
1721,3.1.2.22,ABHD17C
1722,3.1.2.22,ABHD17A
1723,3.1.2.22,PPT2
1724,3.4.21.93,PCSK1
1725,6.4.1.3,PCCA
1726,6.4.1.3,PCCB
1727,1.1.1.37,MDH1
1728,1.1.1.37,MDH2
1729,2.3.1.176,SCP2
1730,2.7.11.8,FASTK
1731,2.7.11.16,GRK4
1732,2.7.11.16,GRK5
1733,2.7.11.16,GRK6
1734,2.7.11.20,EEF2K
1735,2.7.1.82,CHKA
1736,2.7.1.82,CHKB
1737,2.7.1.82,ETNK2
1738,2.7.1.82,ETNK1
1739,1.14.99.1,PTGS1
1740,1.14.99.1,PTGS2
1741,3.4.24.16,NLN
1742,1.1.1.315,RDH5
1743,3.1.1.79,LIPE
1744,3.1.3.56,INPP5J
1745,3.1.3.56,INPP5A
1746,3.1.3.56,INPP5K
1747,2.1.2.9,MTFMT
1748,1.16.3.2,FTH1
1749,3.2.1.143,ADPRHL2
1750,3.2.1.143,PARG
1751,3.1.13.4,PNLDC1
1752,3.1.13.4,PDE12
1753,3.1.13.4,CNOT6L
1754,3.1.13.4,NOCT
1755,3.1.13.4,PARN
1756,3.1.13.4,CNOT6
1757,3.1.13.4,PAN2
1758,5.1.3.3,GALM
1759,1.3.1.38,MECR
1760,1.3.1.38,PECR
1761,3.9.1.3,PHPT1
1762,2.3.2.2,GGT6
1763,2.3.2.2,GGT1
1764,2.3.2.2,GGT7
1765,2.3.2.2,GGT5
1766,3.4.19.13,GGT6
1767,3.4.19.13,GGT1
1768,3.4.19.13,GGT7
1769,3.4.19.13,GGT5
1770,6.1.1.11,SARS2
1771,6.1.1.11,SARS1
1772,3.1.3.74,PHOSPHO2
1773,3.1.3.74,PDXP
1774,2.7.7.8,PNPT1
1775,2.4.1.109,POMT1
1776,2.4.1.109,POMT2
1777,2.3.1.6,CHAT
1778,3.5.3.15,PADI2
1779,3.5.3.15,PADI4
1780,3.5.3.15,PADI1
1781,3.5.3.15,PADI6
1782,3.5.3.15,PADI3
1783,2.7.3.2,CKB
1784,2.7.3.2,CKM
1785,2.7.3.2,CKMT1B
1786,2.7.3.2,CKMT2
1787,2.7.3.2,CKMT1A
1788,2.1.1.6,COMT
1789,2.1.1.6,LRTOMT
1790,2.7.1.20,ADK
1791,2.5.1.141,COX10
1792,3.4.17.12,CPM
1793,1.13.11.63,BCO1
1794,2.3.1.7,CRAT
1795,2.7.1.113,DGUOK
1796,1.3.1.21,DHCR7
1797,3.6.1.23,DUT
1798,2.4.1.224,EXT1
1799,2.4.1.224,EXT2
1800,2.4.1.224,EXTL1
1801,2.4.1.224,EXTL3
1802,2.4.1.225,EXT1
1803,2.4.1.225,EXT2
1804,2.4.1.223,EXTL2
1805,2.4.1.223,EXTL3
1806,1.2.1.3,ALDH2
1807,1.2.1.3,ALDH1B1
1808,1.2.1.3,ALDH9A1
1809,1.2.1.3,ALDH3A2
1810,1.2.1.3,ALDH7A1
1811,2.7.9.3,SEPHS2
1812,2.7.9.3,SEPHS1
1813,1.14.13.8,FMO1
1814,1.14.13.8,FMO2
1815,1.14.13.8,FMO3
1816,1.14.13.8,FMO4
1817,1.14.13.8,FMO5
1818,2.4.2.19,QPRT
1819,4.2.1.46,TGDS
1820,6.3.2.17,FPGS
1821,2.4.1.68,FUT8
1822,2.1.1.2,GAMT
1823,3.5.4.6,AMPD1
1824,3.5.4.6,AMPD2
1825,3.5.4.6,AMPD3
1826,3.5.1.2,GLS2
1827,3.5.1.2,GLS
1828,2.1.1.20,GNMT
1829,2.4.1.117,ALG5
1830,2.4.1.186,GYG1
1831,2.4.1.186,GYG2
1832,3.4.19.6,TRHDE
1833,2.6.1.52,PSAT1
1834,2.4.1.11,GYS1
1835,2.4.1.11,GYS2
1836,6.1.1.5,IARS1
1837,6.1.1.5,IARS2
1838,1.1.1.42,IDH1
1839,1.1.1.42,IDH2
1840,5.3.3.2,IDI1
1841,5.3.3.2,IDI2
1842,3.1.6.13,IDS
1843,3.1.3.25,IMPA1
1844,3.1.3.25,IMPA2
1845,3.1.3.25,IMPAD1
1846,2.7.1.127,ITPKA
1847,2.7.1.127,ITPKB
1848,2.7.1.127,ITPKC
1849,2.7.1.3,KHK
1850,3.5.3.1,ARG1
1851,3.5.3.1,ARG2
1852,2.4.1.22,B4GALT1
1853,2.4.1.22,LALBA
1854,2.4.1.22,B4GALT2
1855,3.4.11.3,LNPEP
1856,1.4.3.13,LOX
1857,3.1.1.7,ACHE
1858,3.2.1.18,NEU3
1859,3.2.1.18,NEU4
1860,3.2.1.18,NEU1
1861,3.2.1.18,NEU2
1862,3.4.24.61,NRDC
1863,3.4.21.10,ACR
1864,2.1.3.3,OTC
1865,2.7.4.10,AK3
1866,2.1.1.77,PCMT1
1867,3.4.14.4,DPP3
1868,6.1.1.2,WARS2
1869,6.1.1.2,WARS1
1870,1.13.11.20,CDO1
1871,2.7.7.41,CDS1
1872,2.7.7.41,CDS2
1873,6.3.3.2,ST20-MTHFS
1874,6.3.3.2,MTHFS
1875,1.5.1.6,ALDH1L1
1876,1.5.1.6,ALDH1L2
1877,5.5.1.4,ISYNA1
1878,3.5.1.6,UPB1
1879,1.1.1.44,PGD
1880,1.1.1.343,PGD
1881,3.1.4.4,PLD4
1882,3.1.4.4,PLD3
1883,3.1.4.4,PLD1
1884,3.1.4.4,PLD2
1885,3.1.3.43,PDP1
1886,3.1.3.43,PDP2
1887,3.4.19.3,PGPEP1
1888,1.5.5.2,PRODH
1889,2.7.8.29,PTDSS2
1890,2.4.2.9,UPRT
1891,1.3.8.8,ACADL
1892,2.7.11.10,CHUK
1893,2.7.11.10,TBK1
1894,2.7.11.10,IKBKB
1895,2.7.11.10,IKBKE
1896,2.7.11.21,PLK4
1897,2.7.11.21,PLK2
1898,2.7.11.21,PLK3
1899,2.7.11.21,PLK1
1900,4.1.1.19,AZIN2
1901,4.3.2.7,CHAC2
1902,4.3.2.7,CHAC1
1903,2.7.11.2,PDK1
1904,2.7.11.2,PDK2
1905,2.7.11.2,PDK3
1906,2.7.11.2,PDK4
1907,3.2.2.21,MPG
1908,4.1.1.36,PPCDC
1909,2.4.1.174,CSGALNACT2
1910,2.4.1.174,CSGALNACT1
1911,2.4.1.175,CHSY1
1912,2.4.1.175,CHSY3
1913,2.4.1.175,CSGALNACT2
1914,2.4.1.175,CSGALNACT1
1915,2.4.1.175,CHPF
1916,1.1.99.1,CHDH
1917,3.2.1.14,CHIT1
1918,3.2.1.14,CHIA
1919,1.14.18.9,MSMO1
1920,1.1.1.170,NSDHL
1921,2.5.1.16,SRM
1922,1.1.1.10,DCXR
1923,4.1.2.4,DERA
1924,2.5.1.58,FNTA
1925,2.5.1.58,FNTB
1926,2.3.1.75,AWAT1
1927,2.3.1.75,AWAT2
1928,2.3.1.75,DGAT2
1929,2.3.1.75,DGAT1
1930,1.3.1.91,DUS2
1931,2.4.1.147,B3GNT6
1932,1.3.1.89,DUS3L
1933,1.3.1.90,DUS4L
1934,3.2.1.207,GANAB
1935,2.7.1.137,PIK3C3
1936,2.4.1.134,B3GALT6
1937,5.2.1.8,PPIF
1938,5.2.1.8,CWC27
1939,5.2.1.8,PPIE
1940,5.2.1.8,PPIH
1941,5.2.1.8,FKBP9
1942,5.2.1.8,FKBP1A
1943,5.2.1.8,FKBP1B
1944,5.2.1.8,FKBP2
1945,5.2.1.8,FKBP3
1946,5.2.1.8,FKBP4
1947,5.2.1.8,FKBP5
1948,5.2.1.8,PPWD1
1949,5.2.1.8,PPIL2
1950,5.2.1.8,FKBP8
1951,5.2.1.8,PPIL6
1952,5.2.1.8,FKBP11
1953,5.2.1.8,PPIL1
1954,5.2.1.8,FKBP7
1955,5.2.1.8,PIN1
1956,5.2.1.8,PIN4
1957,5.2.1.8,PPIL3
1958,5.2.1.8,PPIA
1959,5.2.1.8,PPIB
1960,5.2.1.8,PPIC
1961,5.2.1.8,PPID
1962,5.2.1.8,FKBP14
1963,5.2.1.8,FKBP10
1964,5.2.1.8,PPIAL4G
1965,5.2.1.8,PPIAL4D
1966,5.2.1.8,PPIAL4A
1967,5.2.1.8,PPIAL4C
1968,5.2.1.8,PPIAL4F
1969,5.2.1.8,PPIAL4E
1970,5.2.1.8,FKBP6
1971,5.2.1.8,PPIL4
1972,5.2.1.8,PPIG
1973,2.3.1.179,OXSM
1974,2.7.11.14,GRK7
1975,2.7.11.14,GRK1
1976,1.3.99.12,ACADSB
1977,1.3.8.9,ACADVL
1978,2.4.1.259,ALG9
1979,2.4.1.261,ALG9
1980,1.5.8.3,SARDH
1981,2.3.1.57,SAT2
1982,2.3.1.57,SAT1
1983,3.1.1.23,MGLL
1984,3.1.1.23,ABHD12
1985,3.1.1.23,ABHD6
1986,2.5.1.17,MMAB
1987,3.4.17.23,ACE2
1988,3.3.2.9,EPHX1
1989,3.3.2.10,EPHX2
1990,3.3.2.10,EPHX3
1991,3.1.3.76,EPHX2
1992,1.13.11.52,IDO2
1993,1.13.11.52,IDO1
1994,2.4.1.131,ALG11
1995,1.3.1.72,DHCR24
1996,1.15.1.1,SOD1
1997,1.15.1.1,SOD2
1998,1.15.1.1,SOD3
1999,6.1.1.6,KARS1
2000,2.3.2.31,ARIH2
2001,2.3.2.31,RBCK1
2002,2.3.2.31,RFFL
2003,2.3.2.31,RNF19B
2004,2.3.2.31,RNF183
2005,2.3.2.31,RNF217
2006,2.3.2.31,RNF168
2007,2.3.2.31,RNF169
2008,2.3.2.31,RNF144B
2009,2.3.2.31,ARIH1
2010,2.3.2.31,RNF19A
2011,2.3.2.31,PRKN
2012,2.3.2.31,ANKIB1
2013,2.3.2.31,RNF216
2014,2.3.2.31,RNF31
2015,2.3.2.31,RNF34
2016,2.3.2.31,RNF14
2017,2.3.2.31,RNF144A
2018,2.7.11.30,ACVR1C
2019,2.7.11.30,AMHR2
2020,2.7.11.30,BMPR1A
2021,2.7.11.30,BMPR1B
2022,2.7.11.30,BMPR2
2023,2.7.11.30,TGFBR1
2024,2.7.11.30,TGFBR2
2025,2.7.11.30,ACVR1
2026,2.7.11.30,ACVR1B
2027,2.7.11.30,ACVR2A
2028,2.7.11.30,ACVR2B
2029,2.7.11.30,ACVRL1
2030,3.4.21.38,F12
2031,6.1.1.4,LARS2
2032,6.1.1.4,LARS1
2033,2.7.1.28,TKFC
2034,2.7.1.29,TKFC
2035,4.6.1.15,TKFC
2036,2.8.1.8,LIAS
2037,3.4.21.106,HPN
2038,3.4.21.108,HTRA2
2039,3.4.21.117,KLK7
2040,3.4.21.118,KLK8
2041,3.4.24.11,MME
2042,3.4.24.11,MMEL1
2043,2.7.8.41,CRLS1
2044,3.1.4.35,PDE10A
2045,3.1.4.35,PDE11A
2046,3.1.4.35,PDE6A
2047,3.1.4.35,PDE6C
2048,3.1.4.35,PDE9A
2049,3.1.4.35,PDE6B
2050,3.1.4.35,PDE5A
2051,1.14.11.66,KDM4B
2052,1.14.11.66,KDM4C
2053,1.14.11.66,KDM4E
2054,1.14.11.66,KDM4D
2055,1.14.11.66,KDM4A
2056,1.14.11.69,KDM4B
2057,1.14.11.69,KDM4C
2058,1.14.11.69,KDM4E
2059,1.14.11.69,KDM4D
2060,1.14.11.69,KDM4A
2061,3.4.24.87,ADAMTS13
2062,2.4.1.135,B3GAT2
2063,2.4.1.135,B3GAT3
2064,2.4.1.135,B3GAT1
2065,5.3.4.1,PDIA6
2066,5.3.4.1,PDIA5
2067,5.3.4.1,PDIA3
2068,5.3.4.1,P4HB
2069,5.3.4.1,TMX3
2070,5.3.4.1,PDIA2
2071,5.3.4.1,PDIA4
2072,3.4.24.14,ADAMTS2
2073,3.4.24.82,ADAMTS4
2074,1.8.4.2,TXNDC12
2075,3.4.24.63,MEP1B
2076,3.4.24.18,MEP1A
2077,4.1.1.29,GADL1
2078,4.1.1.29,CSAD
2079,3.5.1.88,PDF
2080,2.1.1.49,INMT
2081,2.1.1.96,INMT
2082,3.5.3.11,AGMAT
2083,3.4.11.21,DNPEP
2084,3.4.21.36,CELA1
2085,3.4.21.71,CELA2B
2086,3.4.21.71,CELA2A
2087,3.6.1.3,ENTPD2
2088,3.6.1.5,ENTPD8
2089,3.6.1.5,ENTPD1
2090,3.6.1.5,ENTPD3
2091,3.6.1.6,CANT1
2092,3.6.1.6,ENTPD6
2093,3.6.1.6,ENTPD5
2094,3.6.1.6,ENTPD4
2095,2.7.1.30,GK5
2096,2.7.1.30,GK
2097,2.7.1.30,GK2
2098,1.14.11.8,TMLHE
2099,2.7.1.21,TK1
2100,2.7.1.21,TK2
2101,3.2.1.113,MAN1A2
2102,3.2.1.113,MAN1A1
2103,3.2.1.113,MAN1C1
2104,3.4.17.21,NAALAD2
2105,3.4.17.21,NAALADL1
2106,3.4.17.21,FOLH1
2107,3.4.17.21,NAALADL2
2108,1.14.11.2,P4HA3
2109,1.14.11.2,P4HA1
2110,1.14.11.2,P4HA2
2111,1.14.19.1,SCD
2112,1.14.19.1,SCD5
2113,7.2.2.13,ATP1A1
2114,7.2.2.13,ATP1A2
2115,7.2.2.13,ATP1A3
2116,7.2.2.13,ATP1A4
2117,2.4.1.149,B3GNT3
2118,2.4.1.149,B3GNT2
2119,2.4.1.149,B3GNT4
2120,1.14.15.15,CYP27A1
2121,3.1.26.5,POP7
2122,3.1.26.5,RPP30
2123,3.1.26.5,RPP38
2124,3.1.26.5,POP4
2125,3.1.26.5,RPP40
2126,3.1.26.5,POP1
2127,3.1.26.5,RPP14
2128,3.1.26.5,RPP25L
2129,3.1.26.5,POP5
2130,3.1.26.5,RPP25
2131,3.1.26.5,RPP21
2132,2.4.99.7,ST6GALNAC4
2133,2.4.99.9,ST3GAL5
2134,2.1.1.114,COQ3
2135,2.1.1.64,COQ3
2136,5.4.99.12,PUS1
2137,2.3.3.1,CS
2138,2.4.1.228,A4GALT
2139,1.14.14.1,CYP3A7-CYP3A51P
2140,1.14.14.1,CYP2D6
2141,1.14.14.1,CYP4F8
2142,1.14.14.1,CYP1A1
2143,1.14.14.1,CYP1A2
2144,1.14.14.1,CYP1B1
2145,1.14.14.1,CYP2A7
2146,1.14.14.1,CYP3A7
2147,1.14.14.1,CYP2A13
2148,1.14.14.1,CYP2C8
2149,1.14.14.1,CYP2C18
2150,1.14.14.1,CYP2D7
2151,1.14.14.1,CYP2D6
2152,1.14.14.1,CYP2F1
2153,1.14.14.1,CYP2J2
2154,1.14.14.1,CYP3A5
2155,1.14.14.1,CYP4B1
2156,1.14.14.1,CYP4Z1
2157,1.14.14.1,CYP4X1
2158,1.14.14.1,CYP2S1
2159,1.14.14.1,CYP4F11
2160,1.14.14.1,CYP3A43
2161,1.14.14.1,CYP4F12
2162,1.14.14.24,CYP2R1
2163,1.14.14.29,CYP7B1
2164,1.14.18.8,CYP8B1
2165,1.14.14.139,CYP8B1
2166,1.14.14.14,CYP19A1
2167,1.14.15.16,CYP24A1
2168,1.14.14.26,CYP39A1
2169,1.14.14.25,CYP46A1
2170,4.2.1.17,ECHS1
2171,4.2.1.17,EHHADH
2172,4.2.1.17,HADHA
2173,1.14.14.79,CYP4V2
2174,1.14.14.79,CYP4F3
2175,1.14.14.79,CYP4F2
2176,2.3.1.16,ACAA2
2177,2.3.1.16,ACAA1
2178,2.3.1.16,HADHB
2179,2.4.1.47,UGT8
2180,3.4.24.19,BMP1
2181,1.14.11.29,EGLN2
2182,1.14.11.29,EGLN3
2183,1.14.11.29,EGLN1
2184,1.1.1.34,HMGCR
2185,1.2.4.2,OGDH
2186,1.2.4.2,DHTKD1
2187,1.2.4.2,OGDHL
2188,3.5.1.92,VNN3
2189,3.5.1.92,VNN2
2190,3.5.1.92,VNN1
2191,1.6.5.2,NQO1
2192,1.10.5.1,NQO2
2193,2.6.1.42,BCAT1
2194,2.6.1.42,BCAT2
2195,3.1.3.57,INPP1
2196,2.8.2.35,CHST14
2197,2.8.2.33,CHST15
2198,1.14.11.7,P3H3
2199,1.14.11.7,P3H2
2200,1.14.11.7,P3H1
2201,2.7.11.4,BCKDK
2202,2.7.11.15,GRK2
2203,2.7.11.15,GRK3
2204,6.1.1.17,EARS2
2205,6.1.1.17,EPRS1
2206,1.13.11.33,ALOX15
2207,1.13.11.33,ALOX15B
2208,1.6.2.2,CYB5R3
2209,1.6.2.2,CYB5R4
2210,1.6.2.2,CYB5R2
2211,1.6.2.2,CYB5R1
2212,1.6.2.2,CYB5RL
2213,3.1.6.12,ARSB
2214,6.1.1.15,EPRS1
2215,6.1.1.15,PARS2
2216,3.5.1.52,NGLY1
2217,4.6.1.1,ADCY1
2218,4.6.1.1,ADCY2
2219,4.6.1.1,ADCY3
2220,4.6.1.1,ADCY5
2221,4.6.1.1,ADCY6
2222,4.6.1.1,ADCY7
2223,4.6.1.1,ADCY8
2224,4.6.1.1,ADCY9
2225,4.6.1.1,ADCY4
2226,4.6.1.1,ADCY10
2227,2.7.11.19,PHKG1
2228,2.7.11.19,PHKG2
2229,3.4.23.46,BACE1
2230,2.4.1.65,FUT3
2231,2.4.1.65,FUT5
2232,2.4.1.65,FUT6
2233,2.4.1.274,B4GALT6
2234,2.7.7.72,TRNT1
2235,6.1.1.12,DARS1
2236,6.1.1.12,DARS2
2237,2.4.99.1,ST6GAL1
2238,2.4.99.1,ST6GAL2
2239,2.7.11.18,MYLK4
2240,2.7.11.18,MYLK
2241,2.7.11.18,MYLK2
2242,2.7.11.18,MYLK3
2243,2.3.2.8,ATE1
2244,1.1.1.31,HIBADH
2245,1.14.14.23,CYP7A1
2246,1.14.14.19,CYP17A1
2247,1.14.14.32,CYP17A1
2248,1.14.14.16,CYP21A2
2249,5.3.99.4,PTGIS
2250,3.4.21.1,CTRB1
2251,3.4.21.1,CTRB2
2252,1.8.4.11,MSRA
2253,1.14.15.6,CYP11A1
2254,3.4.17.15,CPA2
2255,2.8.2.2,SULT2B1
2256,1.1.1.102,KDSR
2257,2.4.1.86,B3GALT2
2258,2.4.1.86,B3GALT1
2259,2.4.1.146,B3GNT3
2260,3.2.1.166,HPSE
2261,2.1.1.166,MRM2
2262,3.4.24.7,MMP1
2263,3.4.24.24,MMP2
2264,1.14.19.20,SC5D
2265,3.4.24.17,MMP3
2266,3.4.24.23,MMP7
2267,3.4.24.34,MMP8
2268,3.4.24.35,MMP9
2269,3.4.24.22,MMP10
2270,3.4.24.65,MMP12
2271,3.4.24.80,MMP14
2272,2.1.1.201,COQ5
2273,3.1.2.21,OLAH
2274,3.4.23.34,CTSE
2275,3.4.22.52,CAPN1
2276,3.4.22.53,CAPN2
2277,3.4.22.54,CAPN3
2278,1.14.11.51,ALKBH1
2279,1.14.11.53,ALKBH5
2280,1.14.11.53,FTO
2281,2.1.1.229,ALKBH8
2282,2.3.2.32,RNF7
2283,2.3.2.32,RBX1
2284,2.3.3.8,ACLY
2285,3.5.1.89,PIGL
2286,1.8.3.5,PCYOX1
2287,1.8.3.6,PCYOX1
2288,2.4.2.3,UPP2
2289,2.4.2.3,UPP1
2290,2.4.99.3,ST6GALNAC1
2291,2.4.99.4,ST3GAL1
2292,2.4.99.4,ST3GAL2
2293,2.4.99.4,ST3GAL4
2294,2.4.99.8,ST8SIA1
2295,2.7.7.19,PAPOLA
2296,2.7.7.19,TENT4A
2297,2.7.7.19,TENT2
2298,2.7.7.19,TENT5D
2299,2.7.7.19,TENT5C
2300,2.7.7.19,MTPAP
2301,2.7.7.19,PAPOLB
2302,2.7.7.19,TENT4B
2303,2.7.7.19,TUT1
2304,2.7.7.19,PAPOLG
2305,1.9.3.1,COX1
2306,3.2.2.31,MUTYH
2307,3.2.2.27,UNG
2308,3.1.26.3,DROSHA
2309,3.4.24.86,ADAM17
2310,3.5.1.98,HDAC6
2311,3.5.1.98,HDAC5
2312,3.5.1.98,HDAC1
2313,3.5.1.98,HDAC2
2314,3.5.1.98,HDAC7
2315,3.5.1.98,HDAC8
2316,3.5.1.98,HDAC11
2317,3.5.1.98,HDAC10
2318,3.5.1.98,HDAC3
2319,3.5.1.98,HDAC9
2320,3.5.1.98,HDAC4
2321,3.1.4.11,PLCD3
2322,3.1.4.11,PLCH1
2323,3.1.4.11,PLCB1
2324,3.1.4.11,PLCE1
2325,3.1.4.11,PLCB2
2326,3.1.4.11,PLCB3
2327,3.1.4.11,PLCB4
2328,3.1.4.11,PLCD1
2329,3.1.4.11,PLCG1
2330,3.1.4.11,PLCG2
2331,3.1.4.11,PLCD4
2332,3.1.4.11,PLCZ1
2333,3.1.4.11,PLCH2
2334,2.7.1.160,TRPT1
2335,3.2.1.31,GUSB
2336,3.2.1.31,KL
2337,3.5.3.4,ALLC
2338,3.2.1.1,AMY1A
2339,3.2.1.1,AMY1B
2340,3.2.1.1,AMY1C
2341,3.2.1.1,AMY2A
2342,3.2.1.1,AMY2B
2343,2.3.1.50,SPTLC1
2344,2.3.1.50,SPTLC3
2345,2.3.1.50,SPTLC2
2346,3.1.3.4,PLPP4
2347,3.1.3.4,LPIN1
2348,3.1.3.4,LPIN3
2349,3.1.3.4,PLPP5
2350,3.1.3.4,PLPP1
2351,3.1.3.4,PLPP2
2352,3.1.3.4,PLPP3
2353,3.1.3.4,LPIN2
2354,1.1.1.35,EHHADH
2355,1.1.1.35,HSD17B10
2356,1.1.1.35,HADH
2357,2.7.1.11,PFKL
2358,2.7.1.11,PFKM
2359,2.7.1.11,PFKP
2360,2.7.1.36,MVK
2361,1.1.1.205,IMPDH1
2362,1.1.1.205,IMPDH2
2363,4.2.1.11,ENO1
2364,4.2.1.11,ENO2
2365,4.2.1.11,ENO3
2366,4.2.1.11,ENO4
2367,2.7.1.74,DCK
2368,3.4.17.3,CPN1
2369,2.7.1.6,GALK1
2370,3.4.22.27,CTSS
2371,3.4.21.4,PRSS1
2372,3.4.21.4,PRSS2
2373,3.4.21.4,PRSS3
2374,2.7.1.40,PKLR
2375,2.7.1.40,PKM
2376,1.3.99.23,RETSAT
2377,3.7.1.2,FAH
2378,2.7.7.12,GALT
2379,1.13.11.27,HPD
2380,1.14.14.18,HMOX1
2381,1.14.14.18,HMOX2
2382,3.4.17.2,CPB1
2383,2.5.1.21,FDFT1
2384,4.1.1.22,HDC
2385,3.1.3.1,ALPI
2386,3.1.3.1,ALPL
2387,3.1.3.1,ALPP
2388,3.1.3.1,ALPG
2389,3.6.1.7,ACYP1
2390,3.6.1.7,ACYP2
2391,2.7.7.31,DNTT
2392,4.1.1.50,AMD1
2393,1.3.8.1,ACADS
2394,2.1.1.56,RNMT
2395,3.6.1.1,PPA2
2396,3.6.1.1,PPA1
2397,3.6.1.1,LHPP
2398,1.3.1.2,DPYD
2399,3.4.23.5,CTSD
2400,2.4.1.133,B4GALT7
2401,5.3.1.22,HYI
2402,2.4.2.7,APRT
2403,2.8.2.1,SULT1A4
2404,2.8.2.1,SULT1A2
2405,2.8.2.1,SULT1A1
2406,2.8.2.1,SULT1A3
2407,3.4.22.15,CTSL
2408,2.1.1.13,MTR
2409,5.1.3.8,RENBP
2410,2.3.1.135,LRAT
2411,3.4.14.2,DPP7
2412,1.14.16.1,PAH
2413,1.4.3.3,DAO
2414,4.1.1.32,PCK1
2415,4.1.1.32,PCK2
2416,2.3.1.9,ACAT1
2417,2.3.1.9,ACAT2
2418,4.1.1.28,DDC
2419,4.1.1.105,DDC
2420,3.5.4.16,GCH1
2421,1.14.18.1,TYR
2422,2.7.8.11,CDIPT
2423,3.1.22.1,DNASE2
2424,3.1.22.1,DNASE2B
2425,2.7.1.1,HK1
2426,2.7.1.1,HK2
2427,2.7.1.1,HK3
2428,2.7.1.1,HKDC1
2429,3.5.1.9,AFMID
2430,3.1.1.45,CMBL
2431,3.2.2.19,ADPRH
2432,3.1.6.8,ARSA
2433,4.1.1.15,GAD1
2434,4.1.1.15,GAD2
2435,5.3.1.9,GPI
2436,2.1.1.45,TYMS
2437,2.5.1.6,MAT2B
2438,2.5.1.6,MAT1A
2439,2.5.1.6,MAT2A
2440,2.4.2.26,XYLT1
2441,2.4.2.26,XYLT2
2442,2.4.1.69,FUT1
2443,2.4.1.69,FUT2
2444,3.4.19.9,GGH
2445,3.1.3.66,INPP4A
2446,3.1.3.66,INPP4B
2447,1.6.2.4,POR
2448,1.13.11.34,ALOX5
2449,1.14.11.4,PLOD1
2450,1.14.11.4,PLOD2
2451,1.14.11.4,PLOD3
2452,1.3.8.7,ACADM
2453,2.4.1.1,PYGB
2454,2.4.1.1,PYGL
2455,2.4.1.1,PYGM
2456,1.4.3.1,DDO
2457,2.1.1.1,NNMT
2458,5.1.3.1,RPE
2459,5.1.3.1,RPEL1
2460,1.2.1.18,ALDH6A1
2461,1.2.1.27,ALDH6A1
2462,1.4.3.21,AOC2
2463,1.4.3.21,AOC3
2464,2.7.8.2,CEPT1
2465,2.7.8.2,CHPT1
2466,4.3.2.1,ASL
2467,2.1.1.67,TPMT
2468,5.3.99.3,PTGES3
2469,5.3.99.3,PTGES2
2470,5.3.99.3,PTGES
2471,3.1.3.77,ENOPH1
2472,1.3.1.24,BLVRA
2473,1.3.1.24,BLVRB
2474,3.4.11.9,XPNPEP3
2475,3.4.11.9,XPNPEP1
2476,3.4.11.9,XPNPEP2
2477,3.4.14.9,TPP1
2478,1.1.1.21,AKR1B1
2479,1.1.1.21,AKR1B10
2480,2.1.1.100,ICMT
2481,2.4.1.145,MGAT4B
2482,2.4.1.145,MGAT4A
2483,2.4.1.145,MGAT4D
2484,2.4.1.145,MGAT4C
2485,3.1.4.37,CNP
2486,3.5.4.5,CDA
2487,2.4.2.14,PPAT
2488,2.4.1.18,GBE1
2489,2.7.8.17,GNPTAB
2490,3.1.4.45,NAGPA
2491,3.4.21.20,CTSG
2492,2.4.1.102,GCNT1
2493,1.8.1.4,DLD
2494,6.3.4.2,CTPS1
2495,6.3.4.2,CTPS2
2496,2.7.1.26,RFK
2497,1.1.1.22,UGDH
2498,6.3.1.2,GLUL
2499,1.1.1.64,HSD17B3
2500,1.13.11.31,ALOX12
2501,3.5.2.9,OPLAH
2502,6.3.5.1,NADSYN1
2503,4.1.1.35,UXS1
2504,4.2.1.75,UROS
2505,3.4.21.78,GZMA
2506,3.2.1.25,MANBA
2507,2.3.1.87,AANAT
2508,1.3.8.4,IVD
2509,3.1.1.34,LPL
2510,3.2.1.51,FUCA1
2511,3.2.1.51,FUCA2
2512,3.4.21.35,KLK1
2513,3.4.21.35,KLK2
2514,4.2.1.22,CBSL
2515,4.2.1.22,CBS
2516,3.5.3.18,DDAH2
2517,3.5.3.18,DDAH1
2518,4.3.1.3,HAL
2519,1.13.99.1,MIOX
2520,3.1.6.14,GNS
2521,1.13.11.71,BCO2
2522,1.13.11.5,HGD
2523,1.2.1.5,ALDH3A1
2524,1.2.1.5,ALDH1A3
2525,1.2.1.5,ALDH3B1
2526,1.2.1.5,ALDH3B2
2527,1.14.17.1,DBH
2528,3.4.21.2,CTRC
2529,3.4.22.43,CTSV
2530,4.1.1.33,MVD
2531,3.6.4.13,G3BP1
2532,3.6.4.13,DDX39A
2533,3.6.4.13,DDX17
2534,3.6.4.13,DDX52
2535,3.6.4.13,DDX20
2536,3.6.4.13,DDX19B
2537,3.6.4.13,DDX42
2538,3.6.4.13,TDRD9
2539,3.6.4.13,DDX1
2540,3.6.4.13,DDX3X
2541,3.6.4.13,DDX5
2542,3.6.4.13,DQX1
2543,3.6.4.13,DDX6
2544,3.6.4.13,DHX8
2545,3.6.4.13,DHX9
2546,3.6.4.13,DDX10
2547,3.6.4.13,DDX11
2548,3.6.4.13,DHX15
2549,3.6.4.13,DDX53
2550,3.6.4.13,DHX36
2551,3.6.4.13,DHX30
2552,3.6.4.13,SNRNP200
2553,3.6.4.13,MTREX
2554,3.6.4.13,DDX58
2555,3.6.4.13,DDX25
2556,3.6.4.13,DDX51
2557,3.6.4.13,IGHMBP2
2558,3.6.4.13,MOV10
2559,3.6.4.13,DDX47
2560,3.6.4.13,DDX41
2561,3.6.4.13,MOV10L1
2562,3.6.4.13,DHX29
2563,3.6.4.13,DDX4
2564,3.6.4.13,DDX49
2565,3.6.4.13,DDX56
2566,3.6.4.13,DDX19A
2567,3.6.4.13,DDX43
2568,3.6.4.13,DDX60
2569,3.6.4.13,DDX27
2570,3.6.4.13,DHX32
2571,3.6.4.13,DDX28
2572,3.6.4.13,DHX33
2573,3.6.4.13,DDX24
2574,3.6.4.13,DHX37
2575,3.6.4.13,DDX55
2576,3.6.4.13,DHX35
2577,3.6.4.13,IFIH1
2578,3.6.4.13,DDX31
2579,3.6.4.13,YTHDC2
2580,3.6.4.13,SUPV3L1
2581,3.6.4.13,DDX50
2582,3.6.4.13,DDX54
2583,3.6.4.13,DHX58
2584,3.6.4.13,DDX39B
2585,3.6.4.13,DHX40
2586,3.6.4.13,DDX59
2587,3.6.4.13,DHX16
2588,3.6.4.13,DDX3Y
2589,3.6.4.13,DDX18
2590,3.6.4.13,DHX57
2591,3.6.4.13,DDX60L
2592,3.6.4.13,TDRD12
2593,3.6.4.13,DDX21
2594,3.6.4.13,DDX23
2595,3.6.4.13,DHX34
2596,3.6.4.13,EIF4A3
2597,3.6.4.13,DHX38
2598,3.6.4.13,DDX46
2599,1.17.4.1,RRM2B
2600,1.17.4.1,RRM1
2601,1.17.4.1,RRM2
2602,2.1.1.361,KMT5A
2603,2.1.1.361,PRDM6
2604,6.5.1.1,LIG1
2605,6.5.1.1,LIG3
2606,6.5.1.1,LIG4
2607,6.5.1.6,LIG1
2608,6.5.1.7,LIG1
2609,2.3.1.234,OSGEP
2610,2.3.1.234,OSGEPL1
2611,1.11.1.8,TPO
2612,2.3.2.24,UBE2O
2613,2.4.2.30,PARP2
2614,2.4.2.30,PARP3
2615,2.4.2.30,PARP1
2616,2.4.2.30,PARP4
2617,2.4.2.30,PARP15
2618,2.4.2.30,TIPARP
2619,2.4.2.30,PARP14
2620,2.4.2.30,PARP16
2621,2.4.2.30,ZC3HAV1
2622,2.4.2.30,PARP6
2623,2.4.2.30,PARP11
2624,2.4.2.30,PARP12
2625,2.4.2.30,PARP8
2626,2.4.2.30,TNKS2
2627,2.4.2.30,PARP9
2628,2.4.2.30,PARP10
2629,2.4.2.30,TNKS
2630,3.1.11.2,TREX2
2631,3.1.11.2,TREX1
2632,3.1.11.2,RAD1
2633,3.1.11.2,RAD9A
2634,1.14.11.27,KDM2A
2635,1.14.11.27,RIOX1
2636,1.14.11.27,KDM8
2637,1.14.11.27,KDM2B
2638,2.4.2.28,MTAP
2639,4.1.1.84,DDTL
2640,4.1.1.84,DDT
2641,3.2.1.114,MAN2A2
2642,3.2.1.114,MAN2A1
2643,4.1.1.9,MLYCD
2644,2.7.4.9,DTYMK
2645,3.4.22.16,CTSH
2646,2.4.1.152,FUT9
2647,2.7.1.59,NAGK
2648,4.4.1.5,GLO1
2649,2.1.1.17,PEMT
2650,2.1.1.71,PEMT
2651,2.4.1.88,GBGT1
2652,3.4.21.94,PCSK2
2653,3.4.16.2,PRCP
2654,1.1.1.2,AKR1A1
2655,2.4.1.101,MGAT1
2656,3.5.4.3,GDA
2657,2.1.4.1,GATM
2658,5.4.2.2,PGM1
2659,5.4.2.2,PGM2
2660,2.3.1.29,GCAT
2661,2.3.2.5,QPCT
2662,2.3.2.5,QPCTL
2663,1.5.5.1,ETFDH
2664,3.4.15.1,ACE
2665,1.1.1.41,IDH3A
2666,1.1.1.41,IDH3B
2667,1.1.1.41,IDH3G
2668,2.7.1.94,AGK
2669,3.1.1.8,BCHE
2670,3.1.2.6,HAGH
2671,2.7.7.2,FLAD1
2672,3.1.3.3,PSPH
2673,2.6.1.5,TAT
2674,1.1.1.95,PHGDH
2675,1.1.1.399,PHGDH
2676,2.7.8.15,DPAGT1
2677,2.3.1.61,DLST
2678,2.4.1.144,MGAT3
2679,3.2.1.96,ENGASE
2680,1.13.11.11,TDO2
2681,6.1.1.18,QARS1
2682,5.3.1.8,MPI
2683,3.4.14.10,TPP2
2684,1.1.99.2,L2HGDH
2685,3.4.21.70,CELA3A
2686,3.4.21.70,CELA3B
2687,2.4.1.150,GCNT2
2688,3.4.21.26,PREP
2689,5.1.99.4,AMACR
2690,3.1.3.7,BPNT1
2691,3.1.3.7,IMPAD1
2692,2.3.1.37,ALAS1
2693,2.3.1.37,ALAS2
2694,3.2.1.46,GALC
2695,3.2.1.106,MOGS
2696,3.1.1.53,SIAE
2697,2.7.1.17,XYLB
2698,3.1.4.39,GDPD1
2699,3.1.4.39,ENPP2
2700,3.1.4.39,GDPD3
2701,4.1.3.3,NPL
2702,3.5.1.23,ACER1
2703,3.5.1.23,ACER2
2704,3.5.1.23,ASAH1
2705,3.5.1.23,ASAH2
2706,1.1.1.8,GPD1L
2707,1.1.1.8,GPD1
2708,2.6.1.16,GFPT1
2709,2.6.1.16,GFPT2
2710,2.7.1.164,PSTK
2711,2.7.1.158,IPPK
2712,2.9.1.2,SEPSECS
2713,6.5.1.4,RTCA
2714,1.11.2.2,MPO
2715,2.4.1.25,AGL
2716,3.2.1.33,AGL
2717,3.5.1.15,ASPA
2718,3.4.21.9,TMPRSS15
2719,1.17.4.4,VKORC1L1
2720,1.17.4.4,VKORC1
2721,3.1.1.31,PGLS
2722,3.1.1.31,H6PD
2723,2.4.1.155,MGAT5
2724,1.3.8.6,GCDH
2725,1.13.11.6,HAAO
2726,2.8.2.4,SULT1E1
2727,3.2.1.22,GLA
2728,2.7.4.21,IP6K3
2729,2.7.4.21,IP6K2
2730,2.7.4.21,IP6K1
2731,2.4.1.80,UGCG
2732,3.4.22.1,CTSB
2733,5.1.3.2,GALE
2734,6.3.5.4,ASNS
2735,1.1.1.141,HPGD
2736,3.6.1.17,NUDT2
2737,3.4.17.10,CPE
2738,2.7.7.9,UGP2
2739,3.5.2.2,DPYS
2740,2.4.1.92,B4GALNT1
2741,1.5.1.3,DHFR
2742,1.5.1.3,DHFR2
2743,4.1.3.4,HMGCL
2744,4.1.3.4,HMGCLL1
2745,2.2.1.2,TALDO1
2746,4.2.1.24,ALAD
2747,1.5.8.4,DMGDH
2748,2.3.1.12,DLAT
2749,4.3.2.2,ADSL
2750,1.1.1.49,G6PD
2751,1.1.1.363,G6PD
2752,3.2.1.49,NAGA
2753,4.2.1.96,PCBD1
2754,4.2.1.96,PCBD2
2755,1.3.1.3,AKR1D1
2756,3.1.3.9,G6PC
2757,3.1.3.9,G6PC2
2758,3.1.3.9,G6PC3
2759,1.2.1.24,ALDH5A1
2760,6.1.1.22,NARS1
2761,6.1.1.22,NARS2
2762,4.4.1.16,SCLY
2763,1.14.11.18,PHYH
2764,1.14.11.1,BBOX1
2765,2.1.1.37,DNMT1
2766,2.1.1.37,DNMT3A
2767,2.1.1.37,DNMT3B
2768,5.3.1.1,TPI1
2769,3.4.24.59,MIPEP
2770,5.1.3.19,DSE
2771,2.6.1.13,OAT
2772,6.3.4.16,CPS1
2773,3.4.24.71,EEF1AKMT4-ECE2
2774,3.4.24.71,ECE1
2775,3.4.24.71,ECE2
2776,3.4.14.1,CTSC
2777,2.3.1.39,MCAT
2778,3.4.21.92,CLPP
2779,6.2.1.16,AACS
2780,3.4.21.75,FURIN
2781,5.4.99.7,LSS
2782,3.1.4.50,GPLD1
2783,3.2.1.28,TREH
2784,3.5.4.12,DCTD
2785,3.2.1.50,NAGLU
2786,3.4.19.1,APEH
2787,6.3.5.3,PFAS
2788,6.1.1.3,TARS3
2789,6.1.1.3,TARS1
2790,6.1.1.3,TARS2
2791,2.3.1.168,DBT
2792,3.4.24.56,IDE
2793,3.4.23.15,REN
2794,4.99.1.1,FECH
2795,4.99.1.9,FECH
2796,6.1.1.19,RARS2
2797,6.1.1.19,RARS1
2798,3.6.1.11,PRUNE1
2799,1.4.3.4,MAOA
2800,1.4.3.4,MAOB
2801,1.6.5.5,CRYZ
2802,4.1.1.65,PISD
2803,6.1.1.7,AARS1
2804,6.1.1.7,AARS2
2805,5.3.99.2,HPGDS
2806,5.3.99.2,PTGDS
2807,3.5.1.26,AGA
2808,1.2.3.1,AOX1
2809,3.3.2.6,LTA4H
2810,2.3.1.43,LCAT
2811,4.2.1.47,GMDS
2812,2.3.1.13,GLYAT
2813,2.3.1.13,GLYATL2
2814,2.3.1.71,GLYAT
2815,3.1.6.2,STS
2816,3.4.21.77,KLK3
2817,2.3.1.78,HGSNAT
2818,2.1.1.28,PNMT
2819,1.2.1.88,ALDH4A1
2820,3.4.13.20,CNDP1
2821,6.1.1.9,VARS2
2822,6.1.1.9,VARS1
2823,3.4.21.76,PRTN3
2824,2.1.1.63,MGMT
2825,1.1.1.153,SPR
2826,6.3.4.5,ASS1
2827,2.4.1.62,B3GALT4
2828,2.7.4.8,GUK1
2829,6.3.5.2,GMPS
2830,1.1.1.14,SORD
2831,6.3.2.51,PPCS
2832,2.4.1.143,MGAT2
2833,2.7.7.30,FPGT
2834,2.1.2.10,AMT
2835,5.3.3.12,DCT
2836,4.4.1.1,CTH
2837,3.2.1.76,IDUA
2838,2.5.1.75,TRIT1
2839,1.13.11.19,ADO
2840,2.1.1.4,ASMT
2841,3.4.21.37,ELANE
2842,2.5.1.26,AGPS
2843,3.1.6.4,GALNS
2844,2.7.6.1,PRPS1L1
2845,2.7.6.1,PRPS1
2846,2.7.6.1,PRPS2
2847,1.5.1.20,MTHFR
2848,1.4.3.5,PNPO
2849,3.4.11.6,RNPEP
2850,1.1.1.62,HSD17B1
2851,1.1.1.62,HSD17B2
2852,1.1.1.62,HSD17B12
2853,1.1.1.62,HSD17B7
2854,1.1.1.62,DHRS11
2855,1.1.1.62,HSD17B8
2856,1.1.1.62,HSD17B6
2857,1.14.19.44,FADS1
2858,1.14.19.3,FADS2
2859,1.11.1.7,PXDNL
2860,1.11.1.7,LPO
2861,1.11.1.7,PXDN
2862,1.11.1.7,EPX
2863,1.11.1.7,PRDX6
2864,2.1.1.8,HNMT
2865,1.14.11.16,ASPH
2866,3.6.1.29,FHIT
2867,3.6.1.29,ENPP4
2868,4.6.1.18,RNASE1
2869,4.6.1.18,RNASE2
2870,2.3.1.5,NAT2
2871,2.3.1.5,NAT1
2872,3.4.24.15,THOP1
2873,1.3.1.93,TECR
2874,2.4.2.4,TYMP
2875,3.4.22.34,LGMN
2876,3.4.22.38,CTSK
2877,4.4.1.17,HCCS
2878,3.4.22.49,ESPL1
2879,4.1.1.37,UROD
2880,2.7.1.35,PDXK
2881,3.6.1.28,THTPA
2882,2.8.1.1,MPST
2883,2.8.1.1,TST
2884,2.8.1.2,MPST
2885,2.8.1.2,TST
2886,1.14.14.17,SQLE
2887,3.7.1.3,KYNU
2888,3.4.21.79,GZMB
2889,2.4.2.8,HPRT1
2890,3.4.23.3,PGC
2891,2.1.1.219,TRMT61A
2892,2.1.1.219,TRMT61B
2893,2.1.1.220,TRMT61A
2894,2.1.1.220,TRMT61B
2895,6.4.1.2,ACACA
2896,6.4.1.2,ACACB
2897,6.3.4.14,ACACA
2898,6.3.4.14,ACACB
2899,2.1.3.15,ACACA
2900,2.1.3.15,ACACB
2901,2.1.3.15,PCCB
2902,2.3.1.286,SIRT2
2903,2.3.1.286,SIRT5
2904,2.3.1.286,SIRT4
2905,2.3.1.286,SIRT3
2906,2.3.1.286,SIRT1
2907,2.3.1.286,SIRT7
2908,2.3.1.286,SIRT6
2909,2.1.1.355,EHMT2
2910,2.1.1.355,SUV39H1
2911,2.1.1.355,PRDM2
2912,2.1.1.355,SUV39H2
2913,2.1.1.355,EHMT1
2914,2.1.1.355,SETDB2
2915,2.1.1.355,SETDB1
2916,2.1.1.357,SMYD1
2917,2.1.1.357,NSD3
2918,2.1.1.357,SMYD2
2919,2.1.1.357,SETMAR
2920,2.1.1.357,NSD1
2921,2.1.1.357,SMYD3
2922,2.1.1.357,NSD2
2923,2.1.1.319,PRMT3
2924,2.1.1.319,CARM1
2925,2.1.1.319,PRMT2
2926,2.1.1.319,PRMT1
2927,2.1.1.319,PRMT6
2928,2.1.1.319,PRMT8
2929,2.3.1.20,MOGAT3
2930,2.3.1.20,DGAT2
2931,2.3.1.20,DGAT1
2932,2.3.1.76,AWAT2
2933,2.3.1.76,DGAT1
2934,3.1.11.7,APTX
2935,3.1.11.8,APTX
2936,3.1.12.2,APTX
2937,2.1.1.358,SETD2
2938,1.14.99.29,DOHH
2939,2.1.1.362,KMT5B
2940,2.1.1.362,KMT5C
2941,2.1.1.356,EZH1
2942,2.1.1.356,EZH2
2943,2.3.1.255,NAA10
2944,2.3.1.255,NAA11
2945,2.7.7.49,TERT
2946,2.3.1.1,NAGS
2947,3.5.4.38,AICDA
2948,2.1.1.360,DOT1L
2949,2.7.1.22,NMRK2
2950,2.7.1.22,NMRK1
2951,2.7.1.173,NMRK2
2952,2.7.1.173,NMRK1
2953,2.7.7.79,THG1L
2954,3.1.3.29,NANP
2955,3.5.2.7,AMDHD1
2956,4.1.1.90,GGCX
2957,1.14.99.38,CH25H
2958,1.17.99.3,ACOX2
2959,3.1.2.4,HIBCH
2960,3.4.11.7,ENPEP
2961,2.1.1.320,PRMT5
2962,2.1.1.320,PRMT9
2963,2.1.1.321,PRMT7
2964,1.5.5.3,PRODH2
2965,1.1.1.184,CBR1
2966,1.1.1.184,CBR3
2967,1.1.1.189,CBR1
2968,1.1.1.197,CBR1
2969,2.7.1.14,SHPK
2970,3.4.11.1,LAP3
2971,3.4.11.5,LAP3
2972,2.7.8.5,PGS1
2973,5.4.99.2,MMUT
2974,1.1.1.40,ME3
2975,1.1.1.40,ME1
2976,2.3.1.24,CERS1
2977,2.3.1.24,CERS3
2978,2.3.1.24,CERS2
2979,2.3.1.24,CERS4
2980,5.4.2.4,BPGM
2981,5.4.2.11,PGAM4
2982,5.4.2.11,PGAM1
2983,5.4.2.11,PGAM2
2984,5.4.2.11,BPGM
2985,6.2.1.17,ACSS3
2986,6.2.1.2,ACSM1
2987,6.2.1.2,ACSM2A
2988,6.2.1.2,ACSM6
2989,6.2.1.2,ACSM4
2990,6.2.1.2,ACSM2B
2991,6.2.1.2,ACSM5
2992,6.2.1.2,ACSM3
2993,6.2.1.2,ACSF2
2994,6.1.1.10,MARS1
2995,6.1.1.10,MARS2
2996,2.4.1.40,ABO
2997,2.4.1.37,ABO
2998,3.2.1.108,LCT
2999,3.2.1.62,LCT
3000,4.6.1.2,GUCY1A2
3001,4.6.1.2,GUCY1A1
3002,4.6.1.2,GUCY1B1
3003,4.6.1.2,GUCY2C
3004,4.6.1.2,GUCY2F
3005,4.6.1.2,GUCY2D
3006,4.6.1.2,NPR1
3007,4.6.1.2,NPR2
3008,3.1.4.12,ENPP7
3009,3.1.4.12,SMPD3
3010,3.1.4.12,SMPD4
3011,3.1.4.12,SMPD1
3012,3.1.4.12,SMPD2
3013,1.14.11.33,ALKBH2
3014,5.4.99.25,TRUB1
3015,5.4.99.25,PUS10
3016,3.4.22.41,CTSF
3017,3.1.2.27,ACOT8
3018,2.7.7.80,MOCS3
3019,2.8.1.11,MOCS3
3020,3.2.1.45,GBA
3021,3.2.1.45,GBA2
3022,4.3.2.9,GGCT
3023,6.3.2.2,GCLC
3024,1.1.1.300,RDH13
3025,1.1.1.300,RDH12
3026,1.1.1.300,RDH11
3027,1.1.1.300,DHRS3
3028,3.1.1.64,RPE65
3029,5.3.3.22,RPE65
3030,1.4.3.22,AOC1
3031,1.1.99.24,ADHFE1
3032,3.4.11.2,ANPEP
3033,3.1.1.98,NOTUM
3034,4.2.1.3,ACO1
3035,4.2.1.3,ACO2
3036,1.14.11.54,ALKBH3
3037,1.1.2.4,LDHD
3038,2.3.1.85,FASN
3039,1.17.1.4,XDH
3040,1.17.3.2,XDH
3041,1.1.3.15,HAO2
3042,1.1.3.15,HAO1
3043,1.14.11.68,KDM6B
3044,1.14.11.68,KDM6A
3045,1.14.11.68,UTY
3046,2.5.1.91,PDSS1
3047,2.5.1.91,PDSS2
3048,4.2.1.152,ALOXE3
3049,5.4.4.7,ALOXE3
3050,1.14.11.67,KDM5B
3051,1.14.11.67,KDM5A
3052,1.14.11.67,KDM5C
3053,1.14.11.67,KDM5D
3054,2.1.2.3,ATIC
3055,3.5.4.10,ATIC
3056,2.3.1.65,BAAT
3057,1.3.1.34,DECR1
3058,1.3.1.34,DECR2
3059,1.2.1.84,FAR2
3060,1.2.1.84,FAR1
3061,5.3.3.8,ECI2
3062,5.3.3.8,ECI1
3063,5.3.3.8,EHHADH
3064,1.14.13.39,NOS1
3065,1.14.13.39,NOS2
3066,1.14.13.39,NOS3
3067,1.1.1.178,HSD17B10
3068,2.7.1.2,GCK
3069,3.1.1.96,DTD2
3070,3.1.1.96,DTD1
3071,3.1.13.1,ISG20
3072,2.6.1.19,ABAT
3073,2.6.1.22,ABAT
3074,3.1.4.17,PDE10A
3075,3.1.4.17,PDE11A
3076,3.1.4.17,PDE1A
3077,3.1.4.17,PDE1C
3078,3.1.4.17,PDE2A
3079,3.1.4.17,PDE3A
3080,3.1.4.17,PDE3B
3081,3.1.4.17,PDE1B
3082,3.1.3.78,PIP4P2
3083,3.1.3.78,PIP4P1
3084,3.5.4.37,ADAR
3085,3.4.21.89,SEC11A
3086,3.4.21.89,SEC11C
3087,3.1.21.1,DNASE1
3088,2.7.1.106,PGM2L1
3089,3.2.1.17,LYZL2
3090,3.2.1.17,SPACA5
3091,3.2.1.17,LYZ
3092,3.2.1.17,LYZL6
3093,3.2.1.17,SPACA5B
3094,3.2.1.17,LYZL1
3095,3.2.1.48,SI
3096,3.2.1.10,SI
3097,4.1.2.27,SGPL1
3098,3.4.24.64,PMPCA
3099,3.4.24.64,PMPCB
3100,3.10.1.1,SGSH
3101,1.5.1.5,MTHFD1
3102,3.5.4.9,MTHFD2
3103,3.5.4.9,MTHFD2L
3104,3.5.4.9,MTHFD1
3105,6.3.4.3,MTHFD1L
3106,6.3.4.3,MTHFD1
3107,1.5.1.15,MTHFD2
3108,1.5.1.15,MTHFD2L
3109,3.2.1.52,HEXD
3110,3.2.1.52,HEXA
3111,3.2.1.52,HEXB
3112,1.5.3.1,PIPOX
3113,1.5.3.7,PIPOX
3114,3.1.4.53,PDE7B
3115,3.1.4.53,PDE4A
3116,3.1.4.53,PDE4B
3117,3.1.4.53,PDE4C
3118,3.1.4.53,PDE4D
3119,3.1.4.53,PDE7A
3120,3.1.4.53,PDE8A
3121,3.1.4.53,PDE8B
3122,3.2.1.23,GLB1
3123,2.1.1.346,METTL16
3124,1.14.99.66,KDM1A
3125,1.5.1.30,BLVRB
3126,4.2.1.107,HSD17B4
3127,4.2.1.119,HSD17B4
3128,3.2.1.183,GNE
3129,2.7.1.60,GNE
3130,3.1.3.2,ACP6
3131,3.1.3.2,ACP1
3132,3.1.3.2,ACP2
3133,3.1.3.2,ACP5
3134,3.1.3.2,ACP3
3135,3.1.3.2,ACP4
3136,3.5.1.1,ASPG
3137,3.5.1.1,ASRGL1
3138,3.4.19.5,ASRGL1
3139,3.1.4.43,GDPD2
3140,2.7.7.52,TUT4
3141,2.7.7.52,TUT1
3142,2.7.7.52,TUT7
3143,2.7.4.2,PMVK
3144,1.3.1.22,SRD5A1
3145,1.3.1.22,SRD5A2
3146,1.3.1.22,SRD5A3
3147,1.3.1.94,SRD5A3
3148,6.3.5.5,CAD
3149,2.1.3.2,CAD
3150,3.5.2.3,CAD
3151,2.5.1.59,FNTA
3152,2.5.1.59,PGGT1B
3153,1.4.3.2,IL4I1
3154,3.1.1.13,CEL
3155,3.1.1.13,LIPA
3156,1.14.11.65,PHF8
3157,1.14.11.65,KDM3B
3158,1.14.11.65,HR
3159,1.14.11.65,KDM3A
3160,1.14.11.65,KDM7A
3161,5.4.2.3,PGM3
3162,2.7.7.14,PCYT2
3163,2.4.1.50,COLGALT2
3164,2.4.1.50,COLGALT1
3165,2.4.1.50,PLOD3
3166,6.3.4.9,HLCS
3167,6.3.4.10,HLCS
3168,6.3.4.11,HLCS
3169,6.3.4.15,HLCS
3170,4.1.1.21,PAICS
3171,6.3.2.6,PAICS
3172,6.3.4.13,GART
3173,2.1.2.2,GART
3174,6.3.3.1,GART
3175,2.5.1.87,NUS1
3176,2.5.1.87,DHDDS
3177,1.3.1.88,DUS1L
3178,2.7.1.149,PIP4K2A
3179,2.7.1.149,PIP4K2C
3180,2.7.1.149,PIP4K2B
3181,5.1.1.18,SRR
3182,1.3.5.2,DHODH
3183,4.1.1.45,ACMSD
3184,1.1.1.38,ME2
3185,2.8.2.14,SULT2A1
3186,3.1.1.3,CEL
3187,3.1.1.3,PNLIPRP3
3188,3.1.1.3,AADAC
3189,3.1.1.3,LIPC
3190,3.1.1.3,PNLIP
3191,3.1.1.3,PNLIPRP1
3192,3.1.1.3,PNLIPRP2
3193,3.1.1.3,PNPLA2
3194,3.1.1.3,PNPLA3
3195,3.1.1.3,LIPF
3196,3.1.1.3,LIPG
3197,3.2.1.20,GAA
3198,3.2.1.20,GANC
3199,3.2.1.20,MGAM
3200,3.2.1.20,MGAM2
3201,3.2.1.3,MGAM
3202,3.2.1.3,MGAM2
3203,1.5.3.16,SMOX
3204,1.8.98.2,SRXN1
3205,1.1.1.181,HSD3B7
3206,1.1.1.270,HSD17B7
3207,1.1.1.270,DHRS11
3208,3.6.1.59,DCPS
3209,1.1.1.239,HSD17B2
3210,1.1.1.239,HSD17B8
3211,1.1.1.239,HSD17B6
3212,1.1.1.105,SDR16C5
3213,1.1.1.105,HSD17B6
3214,1.3.1.20,AKR1C1
3215,1.3.1.20,DHDH
3216,1.1.1.179,DHDH
3217,1.6.3.1,DUOX2
3218,1.6.3.1,DUOX1
3219,1.1.1.145,HSD3B1
3220,1.1.1.145,HSD3B2
3221,5.3.3.1,HSD3B1
3222,5.3.3.1,HSD3B2
3223,3.1.1.47,ASPG
3224,3.1.1.47,PAFAH1B2
3225,3.1.1.47,PAFAH1B3
3226,3.1.1.47,PAFAH2
3227,3.1.1.47,PLA2G7
3228,1.3.1.74,PTGR1
3229,1.3.1.48,PTGR2
3230,1.3.1.48,PTGR1
3231,1.3.1.48,ZADH2
3232,4.1.1.97,URAD
3233,5.3.3.21,ECH1
3234,4.2.1.109,APIP
3235,3.4.16.5,CTSA
3236,2.6.1.44,AGXT
3237,2.6.1.44,AGXT2
3238,2.6.1.40,AGXT2
3239,3.6.1.62,NUDT16
3240,3.6.1.62,DCP2
3241,2.3.1.23,LPCAT3
3242,2.3.1.23,LPCAT4
3243,2.3.1.23,LPCAT2
3244,2.3.1.23,LPCAT1
3245,2.3.1.67,LPCAT2
3246,2.3.1.67,LPCAT1
3247,3.6.1.58,NUDT5
3248,3.6.1.58,NUDT18
3249,2.7.7.96,NUDT5
3250,2.1.2.5,FTCD
3251,4.3.1.4,FTCD
3252,1.1.1.211,HADHA
3253,2.7.7.1,NMNAT2
3254,2.7.7.1,NMNAT3
3255,2.7.7.1,NMNAT1
3256,2.7.7.18,NMNAT2
3257,2.7.7.18,NMNAT3
3258,2.7.7.18,NMNAT1
3259,1.16.3.1,CP
3260,1.16.3.1,FXN
3261,1.16.3.1,HEPH
3262,2.3.1.256,NAA30
3263,2.7.4.14,CMPK2
3264,2.7.4.14,CMPK1
3265,3.6.1.16,ADPRM
3266,3.6.1.53,ADPRM
3267,2.3.1.51,AGPAT1
3268,2.3.1.51,AGPAT2
3269,2.3.1.51,MBOAT2
3270,2.3.1.51,MBOAT1
3271,2.3.1.51,LCLAT1
3272,2.3.1.51,ABHD5
3273,2.3.1.51,AGPAT5
3274,2.3.1.51,AGPAT3
3275,2.3.1.51,AGPAT4
3276,3.1.1.2,PON1
3277,3.1.1.2,PON2
3278,3.1.1.2,PON3
3279,3.1.8.1,PON1
3280,3.1.8.1,PON2
3281,3.1.8.1,PON3
3282,1.14.15.4,CYP11B1
3283,1.14.15.4,CYP11B2
3284,1.14.15.5,CYP11B2
3285,2.4.99.18,STT3B
3286,2.4.99.18,STT3A
3287,2.6.1.45,AGXT
3288,2.6.1.51,AGXT
3289,2.5.1.56,NANS
3290,2.5.1.57,NANS
3291,2.5.1.132,NANS
3292,1.8.3.7,SUMF1
3293,1.1.1.45,CRYL1
3294,3.1.3.32,PNKP
3295,2.7.1.78,CLP1
3296,2.7.1.78,PNKP
3297,2.4.2.10,UMPS
3298,4.1.1.23,UMPS
3299,1.4.4.2,GLDC
3300,1.13.11.53,ADI1
3301,1.13.11.54,ADI1
3302,2.7.2.11,ALDH18A1
3303,1.2.1.41,ALDH18A1
3304,1.1.1.1,ADH1A
3305,1.1.1.1,ADH1B
3306,1.1.1.1,ADH1C
3307,1.1.1.1,ADH4
3308,1.1.1.1,ADH5
3309,1.1.1.1,ADH6
3310,1.1.1.1,ADH7
3311,4.1.3.16,HOGA1
3312,3.1.4.54,NAPEPLD
3313,1.1.1.47,H6PD
3314,1.6.1.2,NNT
3315,7.1.1.1,NNT
3316,1.1.1.284,ADH5
3317,6.4.1.1,PC
3318,2.7.7.4,PAPSS2
3319,2.7.7.4,PAPSS1
3320,2.7.1.25,PAPSS2
3321,2.7.1.25,PAPSS1
3322,2.7.7.13,GMPPB
3323,2.7.7.13,GMPPA
3324,2.4.1.90,B4GALT1
3325,2.4.1.90,B4GALT4
3326,2.4.1.90,B4GALT3
3327,2.4.1.90,B4GALT2
3328,2.4.1.38,B4GALT1
3329,2.4.1.38,B4GALT3
3330,2.4.1.38,B4GALT2
3331,2.4.1.275,B4GALT4
3332,2.7.7.3,COASY
3333,2.7.1.24,COASY
3334,1.1.1.263,AKR1E2
3335,2.7.7.50,RNGTT
3336,3.1.1.93,ABHD10
3337,2.4.1.66,PLOD3
3338,3.5.1.3,NIT2
3339,2.7.8.1,CEPT1
3340,2.7.8.1,SELENOI
3341,1.2.1.31,ALDH7A1
3342,1.2.1.8,ALDH7A1
3343,4.2.3.2,ETNPPL
3344,2.7.7.84,OAS1
3345,2.7.7.84,OAS2
3346,2.7.7.84,OAS3
3347,2.7.1.32,CHKA
3348,2.7.1.32,CHKB
3349,2.6.1.7,AADAT
3350,2.6.1.7,KYAT3
3351,2.6.1.7,KYAT1
3352,2.6.1.39,AADAT
3353,3.1.4.1,FAN1
3354,3.1.4.1,ENPP1
3355,3.1.4.1,ENPP3
3356,3.6.1.9,ENPP1
3357,3.6.1.9,ENPP3
3358,3.1.2.12,ESD
3359,2.7.1.108,DOLK
3360,2.4.1.201,MGAT4C
3361,2.3.1.254,NAA20
3362,2.7.1.150,PIKFYVE
3363,3.1.1.89,PPME1
3364,2.1.1.183,DIMT1
3365,2.7.1.159,ITPK1
3366,2.7.1.134,ITPK1
3367,1.1.1.146,HSD11B1
3368,3.4.13.9,PEPD
3369,5.3.1.23,MRI1
3370,1.11.1.12,GPX4
3371,4.4.1.13,KYAT3
3372,4.4.1.13,KYAT1
3373,2.6.1.64,KYAT3
3374,2.6.1.64,KYAT1
3375,2.3.1.22,MOGAT1
3376,2.3.1.22,MOGAT3
3377,2.3.1.22,MOGAT2
3378,2.6.1.1,GOT1
3379,2.6.1.1,GOT2
3380,2.1.1.205,FTSJ1
3381,1.5.1.8,AASS
3382,1.5.1.9,AASS
3383,2.1.1.287,RRP8
3384,3.5.1.121,NTAN1
3385,4.6.1.19,RNASET2
3386,6.3.4.21,NAPRT
3387,1.16.1.6,MMACHC
3388,2.5.1.151,MMACHC
3389,5.4.2.7,PGM2
3390,1.2.1.47,ALDH9A1
3391,2.8.1.12,MOCS2
3392,2.1.1.260,EMG1
3393,3.6.1.15,NTPCR
3394,3.1.3.46,PFKFB1
3395,3.1.3.46,PFKFB2
3396,3.1.3.46,PFKFB3
3397,3.1.3.46,PFKFB4
3398,3.1.3.46,TIGAR
3399,2.1.1.296,CMTR2
3400,2.1.1.57,CMTR1
3401,6.3.2.11,CARNS1
3402,3.5.1.14,ABHD14A-ACY1
3403,3.5.1.14,ACY1
3404,2.1.1.310,NOP2
3405,3.5.4.34,ADAT1
3406,2.1.1.203,NSUN2
3407,3.4.13.18,CNDP2
3408,2.1.1.35,TRMT2B
3409,5.4.99.27,PUS7
3410,5.4.99.27,PUS7L
3411,2.1.1.311,NSUN5
3412,4.1.3.44,TYW1B
3413,4.1.3.44,TYW1
3414,2.1.1.282,TYW3
3415,2.7.1.105,PFKFB1
3416,2.7.1.105,PFKFB2
3417,2.7.1.105,PFKFB3
3418,2.7.1.105,PFKFB4
3419,3.1.1.17,RGN
3420,2.1.1.228,TRMT5
3421,2.5.1.114,TRMT12
3422,2.3.1.225,ZDHHC19
3423,2.3.1.225,ZDHHC15
3424,2.3.1.225,ZDHHC17
3425,2.3.1.225,ZDHHC20
3426,2.3.1.225,ZDHHC24
3427,2.3.1.225,ZDHHC23
3428,2.3.1.225,ZDHHC5
3429,2.3.1.225,ZDHHC22
3430,2.3.1.225,ZDHHC1
3431,2.3.1.225,ZDHHC8
3432,2.3.1.225,ZDHHC21
3433,2.3.1.225,ZDHHC9
3434,2.3.1.225,ZDHHC2
3435,2.3.1.225,ZDHHC3
3436,2.3.1.225,ZDHHC13
3437,2.3.1.225,ZDHHC4
3438,2.3.1.225,ZDHHC7
3439,2.3.1.225,ZDHHC6
3440,2.3.1.225,ZDHHC11B
3441,2.3.1.225,ZDHHC14
3442,2.3.1.225,ZDHHC11
3443,2.3.1.225,ZDHHC18
3444,2.3.1.225,ZDHHC16
3445,2.3.1.225,ZDHHC12
3446,2.1.1.221,TRMT10B
3447,2.1.1.221,TRMT10A
3448,2.1.1.211,TRMT44
3449,2.1.1.214,TRMT11
3450,3.2.1.130,MANEA
3451,2.7.1.171,FN3K
3452,2.7.1.172,FN3KRP
3453,3.1.3.64,MTM1
3454,3.1.3.64,MTMR8
3455,3.1.3.64,MTMR14
3456,3.1.3.64,MTMR1
3457,3.1.3.64,MTMR3
3458,3.1.3.64,MTMR2
3459,3.1.3.64,MTMR6
3460,3.1.3.64,MTMR7
3461,3.1.3.64,MTMR4
3462,3.1.3.95,MTM1
3463,3.1.3.95,MTMR8
3464,3.1.3.95,MTMR14
3465,3.1.3.95,MTMR1
3466,3.1.3.95,MTMR3
3467,3.1.3.95,MTMR2
3468,3.1.3.95,MTMR6
3469,3.1.3.95,MTMR7
3470,3.1.3.95,MTMR4
3471,1.14.16.5,AGMO
3472,5.2.1.2,GSTZ1
3473,6.5.1.8,RTCB
3474,2.7.7.78,GDPGP1
3475,1.1.1.79,GRHPR
3476,1.1.1.81,GRHPR
3477,2.1.1.225,TRMT13
3478,2.1.1.290,LCMT2
3479,2.3.1.231,LCMT2
3480,3.5.1.99,FAAH2
3481,3.5.1.99,FAAH
3482,1.8.4.12,MSRB2
3483,1.8.4.12,MSRB3
3484,1.8.4.12,MSRB1
3485,2.8.1.9,MOCOS
3486,3.2.1.169,OGA
3487,1.11.1.20,PRXL2B
3488,2.10.1.1,GPHN
3489,2.7.7.75,GPHN
3490,2.1.1.204,TRDMT1
3491,1.13.11.18,ETHE1
3492,2.8.4.5,CDKAL1
3493,3.7.1.5,FAHD1
3494,2.1.1.244,NTMT1
3495,3.1.1.32,PLAAT3
3496,7.6.2.3,ABCC1
3497,1.1.1.330,HSD17B12
3498,3.6.1.12,DCTPP1
3499,1.1.1.51,AKR1C3
3500,1.1.1.188,AKR1C3
3501,1.1.1.213,AKR1C2
3502,1.1.1.213,AKR1C3
3503,1.1.1.357,AKR1C4
3504,1.1.1.357,AKR1C1
3505,1.1.1.357,AKR1C2
3506,1.1.1.357,AKR1C3
3507,2.7.1.81,HYKK
3508,3.5.4.36,APOBEC1
3509,3.6.1.64,NUDT16
3510,1.21.1.1,IYD
3511,1.8.3.4,SELENBP1
3512,1.8.1.8,NXNL2
3513,1.8.1.8,NXN
3514,5.4.2.8,PMM1
3515,5.4.2.8,PMM2
3516,6.3.5.6,GATC
3517,6.3.5.6,GATB
3518,6.3.5.6,QRSL1
3519,6.3.5.7,GATC
3520,6.3.5.7,GATB
3521,6.3.5.7,QRSL1
3522,2.7.1.183,POMK
3523,3.1.3.96,PUDP
3524,2.1.1.299,METTL11B
3525,7.2.2.8,ATP7A
3526,7.2.2.8,ATP7B
3527,4.2.1.68,ENOSF1
3528,3.6.1.55,NUDT1
3529,3.6.1.55,NUDT15
3530,4.2.1.93,NAXD
3531,3.1.1.97,DPH7
3532,1.14.14.51,CYP2C19
3533,1.14.14.51,CYP2C9
3534,1.14.14.52,CYP2C19
3535,1.14.14.52,CYP2C9
3536,1.14.14.53,CYP2C19
3537,1.14.14.53,CYP2C9
3538,1.14.14.75,CYP2C19
3539,1.14.14.75,CYP2J2
3540,4.1.1.6,ACOD1
3541,1.14.14.78,CYP4F3
3542,1.14.14.78,CYP4F11
3543,1.14.14.78,CYP4F2
3544,1.14.14.94,CYP4F3
3545,1.14.14.94,CYP4F2
3546,2.7.7.86,CGAS
3547,2.5.1.108,DPH1
3548,3.6.1.56,NUDT1
3549,5.1.99.6,NAXE
3550,2.1.1.233,LCMT1
3551,2.4.1.312,POMGNT2
3552,1.6.3.5,RNLS
3553,1.14.17.3,PAM
3554,4.3.2.5,PAM
3555,4.2.3.134,PHYKPL
3556,6.3.1.14,DPH6
3557,1.14.19.53,CYP27C1
3558,4.3.1.17,SDS
3559,4.3.1.17,SDSL
3560,4.3.1.19,SDS
3561,4.3.1.19,SDSL
3562,1.14.11.30,HIF1AN
3563,1.14.13.32,CYP3A4
3564,1.14.14.55,CYP3A4
3565,1.14.14.56,CYP3A4
3566,1.14.14.57,CYP3A4
3567,1.14.14.73,CYP2J2
3568,1.14.14.73,CYP3A4
3569,6.3.2.3,GSS
3570,1.14.11.42,TYW5
3571,1.5.1.25,CRYM
3572,2.3.1.108,ATAT1
3573,5.1.3.29,FUOM
3574,7.3.2.7,GET3
3575,4.1.1.94,ECHDC1
3576,2.3.1.17,NAT8L
3577,6.3.1.17,RIMKLB
3578,6.3.2.41,RIMKLA
3579,6.3.2.41,RIMKLB
3580,6.3.2.42,RIMKLA
3581,4.2.1.77,L3HYPDH
3582,1.4.1.21,ASPDH
3583,3.2.2.29,TDG
3584,1.8.5.8,SQOR
3585,3.5.1.114,ACY3
3586,2.7.7.43,CMAS
3587,2.7.7.92,CMAS
3588,3.4.19.14,GGT1
3589,3.4.19.14,GGT5
3590,3.3.2.2,TMEM86B
3591,3.1.4.2,GPCPD1
3592,2.1.1.297,N6AMT1
3593,2.1.1.297,HEMK1
3594,2.7.1.157,GALK2
3595,2.8.3.13,SUGCT
3596,3.6.4.7,AFG1L
3597,1.18.1.6,FDXR
3598,2.3.1.80,NAT8B
3599,2.3.1.80,NAT8
3600,2.3.1.257,NAA40
3601,2.1.1.60,CAMKMT
3602,4.1.1.11,GADL1
3603,2.7.1.12,IDNK
3604,3.1.4.44,GDE1
3605,1.14.11.63,JMJD7
3606,2.1.1.85,SETD3
3607,2.1.1.309,BUD23
3608,3.1.3.18,PGP
3609,2.7.1.140,IPMK
3610,2.7.1.151,IPMK
3611,1.14.18.6,FA2H
3612,2.1.1.22,CARNMT1
3613,1.8.3.1,SUOX
3614,2.1.1.10,BHMT2
3615,1.1.1.50,AKR1C4
3616,1.1.1.225,AKR1C4
3617,1.1.1.149,AKR1C1
3618,1.14.14.80,CYP4A11
3619,1.14.14.80,CYP4A22
3620,2.3.1.258,NAA50
3621,1.14.13.225,MICAL3
3622,1.14.13.225,MICAL1
3623,1.14.13.225,MICAL2
3624,3.1.11.1,EXD2
3625,2.4.1.87,A3GALT2
3626,2.7.1.165,GLYCTK
3627,2.3.1.259,NAA60
3628,2.4.2.61,RXYLT1
3629,2.8.1.14,TRMU
3630,4.1.99.22,MOCS1
3631,4.6.1.17,MOCS1
3632,2.7.7.40,CRPPA
3633,3.1.7.2,HDDC3
3634,3.5.1.122,WDYHV1
3635,1.1.99.39,D2HGDH
3636,3.1.3.81,PLPP4
3637,3.1.3.81,PLPP5
3638,3.1.1.106,MACROD2
3639,3.1.1.106,MACROD1
3640,1.14.14.74,CYP2J2
3641,3.2.1.107,PGGHG
3642,2.1.1.34,TARBP1
3643,1.8.1.9,TXNRD2
3644,1.8.1.9,TXNRD3
3645,1.8.1.9,TXNRD1
3646,2.3.1.45,CASD1
3647,3.5.99.10,RIDA
3648,4.2.1.48,DGLUCY
3649,2.1.1.286,BMT2
3650,3.5.1.128,NIT1
3651,2.3.1.68,GLYATL1B
3652,2.3.1.68,GLYATL1
3653,3.4.17.17,VASH1
3654,3.4.17.17,VASH2
3655,1.2.1.32,ALDH8A1
3656,2.3.1.291,CERS6
3657,2.3.1.291,CERS5
3658,3.2.1.209,MAN1B1
3659,2.3.1.181,LIPT2
3660,7.2.2.19,ATP12A
3661,7.2.2.19,ATP4A
3662,7.2.2.19,ATP4B
